{
  "step": 360000,
  "statistics": {
    "mean_return": 353.3333333333333,
    "median_return": 400.0,
    "std_return": 84.59051693633015,
    "min_return": 200.0,
    "max_return": 400.0,
    "mean_length": 494.1333333333333
  },
  "episode_returns": [
    200.0,
    400.0,
    400.0,
    400.0,
    400.0,
    400.0,
    400.0,
    400.0,
    200.0,
    400.0,
    400.0,
    200.0,
    400.0,
    400.0,
    400.0,
    400.0,
    200.0,
    400.0,
    400.0,
    200.0,
    400.0,
    400.0,
    400.0,
    400.0,
    400.0,
    200.0,
    400.0,
    400.0,
    400.0,
    200.0
  ],
  "episode_lengths": [
    478,
    508,
    513,
    443,
    497,
    503,
    512,
    520,
    482,
    444,
    500,
    539,
    499,
    502,
    499,
    499,
    479,
    500,
    442,
    541,
    438,
    439,
    504,
    503,
    437,
    548,
    508,
    497,
    505,
    545
  ],
  "num_episodes": 30,
  "eval_epsilon": 0.05,
  "training_epsilon": 0.1
}