{
  "step": 80000,
  "statistics": {
    "mean_return": 6.666666666666667,
    "median_return": 0.0,
    "std_return": 35.90109871423003,
    "min_return": 0.0,
    "max_return": 200.0,
    "mean_length": 397.9
  },
  "episode_returns": [
    0.0,
    0.0,
    0.0,
    0.0,
    0.0,
    0.0,
    200.0,
    0.0,
    0.0,
    0.0,
    0.0,
    0.0,
    0.0,
    0.0,
    0.0,
    0.0,
    0.0,
    0.0,
    0.0,
    0.0,
    0.0,
    0.0,
    0.0,
    0.0,
    0.0,
    0.0,
    0.0,
    0.0,
    0.0,
    0.0
  ],
  "episode_lengths": [
    283,
    283,
    361,
    357,
    415,
    422,
    352,
    357,
    354,
    611,
    349,
    285,
    486,
    487,
    414,
    477,
    360,
    475,
    350,
    476,
    347,
    354,
    289,
    348,
    352,
    496,
    422,
    280,
    550,
    545
  ],
  "num_episodes": 30,
  "eval_epsilon": 0.05,
  "training_epsilon": 0.64
}