{
  "step": 200000,
  "statistics": {
    "mean_return": 26.666666666666668,
    "median_return": 0.0,
    "std_return": 67.9869268479038,
    "min_return": 0.0,
    "max_return": 200.0,
    "mean_length": 330.2
  },
  "episode_returns": [
    0.0,
    200.0,
    0.0,
    0.0,
    0.0,
    0.0,
    0.0,
    0.0,
    0.0,
    0.0,
    0.0,
    0.0,
    0.0,
    0.0,
    0.0,
    0.0,
    0.0,
    0.0,
    0.0,
    0.0,
    0.0,
    0.0,
    200.0,
    0.0,
    200.0,
    0.0,
    0.0,
    200.0,
    0.0,
    0.0
  ],
  "episode_lengths": [
    289,
    350,
    281,
    291,
    353,
    413,
    279,
    352,
    295,
    414,
    344,
    405,
    360,
    283,
    349,
    345,
    347,
    286,
    282,
    289,
    281,
    284,
    418,
    351,
    348,
    286,
    344,
    417,
    287,
    283
  ],
  "num_episodes": 30,
  "eval_epsilon": 0.05,
  "training_epsilon": 0.1
}