{
  "step": 280000,
  "statistics": {
    "mean_return": 346.6666666666667,
    "median_return": 400.0,
    "std_return": 88.44332774281067,
    "min_return": 200.0,
    "max_return": 400.0,
    "mean_length": 490.1666666666667
  },
  "episode_returns": [
    400.0,
    400.0,
    400.0,
    400.0,
    400.0,
    400.0,
    200.0,
    200.0,
    400.0,
    400.0,
    400.0,
    400.0,
    200.0,
    200.0,
    400.0,
    400.0,
    400.0,
    400.0,
    400.0,
    200.0,
    400.0,
    200.0,
    400.0,
    400.0,
    400.0,
    400.0,
    400.0,
    200.0,
    400.0,
    200.0
  ],
  "episode_lengths": [
    510,
    438,
    513,
    499,
    434,
    447,
    482,
    555,
    512,
    438,
    509,
    502,
    546,
    479,
    502,
    507,
    500,
    442,
    519,
    478,
    435,
    542,
    507,
    434,
    442,
    444,
    499,
    539,
    507,
    544
  ],
  "num_episodes": 30,
  "eval_epsilon": 0.05,
  "training_epsilon": 0.1
}