{
  "step": 360000,
  "statistics": {
    "mean_return": 6.666666666666667,
    "median_return": 0.0,
    "std_return": 24.944382578492945,
    "min_return": 0.0,
    "max_return": 100.0,
    "mean_length": 4235.966666666666
  },
  "episode_returns": [
    100.0,
    0.0,
    0.0,
    0.0,
    0.0,
    0.0,
    0.0,
    0.0,
    0.0,
    0.0,
    0.0,
    0.0,
    0.0,
    0.0,
    0.0,
    0.0,
    0.0,
    0.0,
    0.0,
    0.0,
    0.0,
    0.0,
    0.0,
    0.0,
    0.0,
    100.0,
    0.0,
    0.0,
    0.0,
    0.0
  ],
  "episode_lengths": [
    4929,
    4175,
    4175,
    4170,
    4176,
    4173,
    4173,
    4172,
    4174,
    4526,
    4171,
    4171,
    4176,
    4175,
    4177,
    4174,
    4173,
    4177,
    4176,
    4177,
    4178,
    4172,
    4174,
    4171,
    4176,
    4925,
    4172,
    4175,
    4172,
    4174
  ],
  "num_episodes": 30,
  "eval_epsilon": 0.05,
  "training_epsilon": 0.1
}