{
  "step": 280000,
  "statistics": {
    "mean_return": 586.6666666666666,
    "median_return": 600.0,
    "std_return": 125.78641509408804,
    "min_return": 300.0,
    "max_return": 800.0,
    "mean_length": 4696.6
  },
  "episode_returns": [
    600.0,
    300.0,
    700.0,
    600.0,
    700.0,
    700.0,
    500.0,
    400.0,
    700.0,
    500.0,
    500.0,
    600.0,
    700.0,
    500.0,
    700.0,
    700.0,
    500.0,
    600.0,
    400.0,
    500.0,
    400.0,
    600.0,
    700.0,
    700.0,
    700.0,
    800.0,
    500.0,
    700.0,
    700.0,
    400.0
  ],
  "episode_lengths": [
    6270,
    3940,
    3318,
    4927,
    3584,
    3522,
    4265,
    4853,
    5859,
    3730,
    3750,
    4380,
    5382,
    4377,
    5268,
    4928,
    3374,
    6740,
    3495,
    4527,
    3879,
    5446,
    4793,
    4497,
    6021,
    9899,
    3438,
    5386,
    3439,
    3611
  ],
  "num_episodes": 30,
  "eval_epsilon": 0.05,
  "training_epsilon": 0.1
}