{
  "step": 320000,
  "statistics": {
    "mean_return": 3.3333333333333335,
    "median_return": 0.0,
    "std_return": 17.950549357115015,
    "min_return": 0.0,
    "max_return": 100.0,
    "mean_length": 4264.833333333333
  },
  "episode_returns": [
    0.0,
    0.0,
    0.0,
    0.0,
    0.0,
    0.0,
    0.0,
    0.0,
    0.0,
    0.0,
    0.0,
    0.0,
    0.0,
    0.0,
    0.0,
    0.0,
    0.0,
    0.0,
    0.0,
    0.0,
    0.0,
    0.0,
    0.0,
    0.0,
    100.0,
    0.0,
    0.0,
    0.0,
    0.0,
    0.0
  ],
  "episode_lengths": [
    4176,
    4174,
    4170,
    4178,
    4176,
    4174,
    4176,
    4171,
    4174,
    4170,
    4176,
    4175,
    4177,
    4173,
    4174,
    4175,
    4174,
    4171,
    4174,
    4176,
    4177,
    4176,
    4177,
    4176,
    6889,
    4171,
    4172,
    4177,
    4174,
    4172
  ],
  "num_episodes": 30,
  "eval_epsilon": 0.05,
  "training_epsilon": 0.1
}