{
  "step": 160000,
  "statistics": {
    "mean_return": 326.6666666666667,
    "median_return": 300.0,
    "std_return": 62.89320754704403,
    "min_return": 200.0,
    "max_return": 400.0,
    "mean_length": 3895.2
  },
  "episode_returns": [
    300.0,
    400.0,
    300.0,
    300.0,
    400.0,
    400.0,
    400.0,
    400.0,
    300.0,
    300.0,
    300.0,
    400.0,
    300.0,
    300.0,
    200.0,
    400.0,
    400.0,
    300.0,
    300.0,
    300.0,
    200.0,
    200.0,
    400.0,
    400.0,
    300.0,
    300.0,
    300.0,
    300.0,
    300.0,
    400.0
  ],
  "episode_lengths": [
    3291,
    4590,
    2879,
    5032,
    3467,
    3586,
    3879,
    3142,
    3640,
    3584,
    5004,
    3733,
    4970,
    2550,
    3084,
    3876,
    4173,
    3260,
    4466,
    3230,
    2887,
    2993,
    2849,
    6326,
    4289,
    4495,
    3733,
    4618,
    3347,
    5883
  ],
  "num_episodes": 30,
  "eval_epsilon": 0.05,
  "training_epsilon": 0.28
}