{
  "step": 80000,
  "statistics": {
    "mean_return": 120.0,
    "median_return": 100.0,
    "std_return": 47.11687595755899,
    "min_return": 40.0,
    "max_return": 200.0,
    "mean_length": 384.6666666666667
  },
  "episode_returns": [
    160.0,
    160.0,
    90.0,
    100.0,
    70.0,
    90.0,
    190.0,
    70.0,
    80.0,
    150.0,
    180.0,
    70.0,
    90.0,
    150.0,
    90.0,
    130.0,
    150.0,
    180.0,
    70.0,
    70.0,
    100.0,
    40.0,
    150.0,
    200.0,
    70.0,
    70.0,
    150.0,
    180.0,
    200.0,
    100.0
  ],
  "episode_lengths": [
    400,
    456,
    310,
    376,
    327,
    371,
    540,
    315,
    317,
    424,
    468,
    336,
    412,
    476,
    353,
    356,
    415,
    418,
    288,
    304,
    373,
    277,
    443,
    478,
    300,
    328,
    435,
    430,
    481,
    333
  ],
  "num_episodes": 30,
  "eval_epsilon": 0.05,
  "training_epsilon": 0.64
}