{
  "step": 280000,
  "statistics": {
    "mean_return": 52.333333333333336,
    "median_return": 50.0,
    "std_return": 20.113566455394118,
    "min_return": 10.0,
    "max_return": 100.0,
    "mean_length": 757.5333333333333
  },
  "episode_returns": [
    90.0,
    60.0,
    50.0,
    40.0,
    40.0,
    50.0,
    60.0,
    50.0,
    30.0,
    50.0,
    70.0,
    80.0,
    50.0,
    80.0,
    30.0,
    30.0,
    50.0,
    100.0,
    40.0,
    40.0,
    40.0,
    10.0,
    40.0,
    70.0,
    40.0,
    80.0,
    60.0,
    40.0,
    70.0,
    30.0
  ],
  "episode_lengths": [
    648,
    684,
    607,
    811,
    1062,
    645,
    626,
    592,
    691,
    565,
    828,
    691,
    633,
    1008,
    619,
    798,
    636,
    975,
    673,
    605,
    681,
    750,
    744,
    887,
    787,
    648,
    871,
    1245,
    705,
    1011
  ],
  "num_episodes": 30,
  "eval_epsilon": 0.05,
  "training_epsilon": 0.1
}