{
  "step": 400000,
  "statistics": {
    "mean_return": 173.33333333333334,
    "median_return": 170.0,
    "std_return": 14.907119849998598,
    "min_return": 160.0,
    "max_return": 210.0,
    "mean_length": 431.6
  },
  "episode_returns": [
    160.0,
    180.0,
    160.0,
    160.0,
    160.0,
    210.0,
    180.0,
    180.0,
    180.0,
    190.0,
    200.0,
    160.0,
    160.0,
    200.0,
    200.0,
    160.0,
    180.0,
    170.0,
    160.0,
    180.0,
    160.0,
    180.0,
    160.0,
    180.0,
    160.0,
    170.0,
    160.0,
    160.0,
    180.0,
    160.0
  ],
  "episode_lengths": [
    375,
    425,
    392,
    387,
    434,
    503,
    434,
    399,
    444,
    555,
    491,
    379,
    438,
    489,
    503,
    377,
    444,
    389,
    384,
    435,
    406,
    403,
    378,
    478,
    385,
    412,
    412,
    429,
    579,
    389
  ],
  "num_episodes": 30,
  "eval_epsilon": 0.05,
  "training_epsilon": 0.1
}