{
  "step": 240000,
  "statistics": {
    "mean_return": 164.66666666666666,
    "median_return": 160.0,
    "std_return": 34.998412662417834,
    "min_return": 60.0,
    "max_return": 220.0,
    "mean_length": 660.7333333333333
  },
  "episode_returns": [
    160.0,
    180.0,
    170.0,
    220.0,
    160.0,
    180.0,
    160.0,
    220.0,
    190.0,
    220.0,
    170.0,
    160.0,
    120.0,
    190.0,
    150.0,
    120.0,
    60.0,
    190.0,
    160.0,
    160.0,
    200.0,
    160.0,
    180.0,
    120.0,
    100.0,
    160.0,
    140.0,
    180.0,
    200.0,
    160.0
  ],
  "episode_lengths": [
    642,
    553,
    664,
    874,
    677,
    807,
    682,
    879,
    677,
    956,
    564,
    691,
    508,
    779,
    543,
    403,
    378,
    816,
    557,
    632,
    656,
    604,
    596,
    496,
    464,
    577,
    611,
    804,
    1019,
    713
  ],
  "num_episodes": 30,
  "eval_epsilon": 0.05,
  "training_epsilon": 0.1
}