{
  "step": 40000,
  "statistics": {
    "mean_return": 87.66666666666667,
    "median_return": 80.0,
    "std_return": 17.065234314893605,
    "min_return": 60.0,
    "max_return": 130.0,
    "mean_length": 313.1666666666667
  },
  "episode_returns": [
    100.0,
    80.0,
    80.0,
    80.0,
    80.0,
    80.0,
    70.0,
    80.0,
    80.0,
    120.0,
    80.0,
    80.0,
    120.0,
    80.0,
    80.0,
    100.0,
    80.0,
    100.0,
    80.0,
    100.0,
    70.0,
    80.0,
    80.0,
    70.0,
    130.0,
    80.0,
    60.0,
    80.0,
    120.0,
    110.0
  ],
  "episode_lengths": [
    327,
    307,
    302,
    306,
    302,
    303,
    297,
    302,
    304,
    358,
    307,
    303,
    364,
    305,
    301,
    320,
    302,
    321,
    301,
    325,
    300,
    307,
    304,
    303,
    351,
    307,
    294,
    305,
    335,
    332
  ],
  "num_episodes": 30,
  "eval_epsilon": 0.05,
  "training_epsilon": 0.8200000000000001
}