{
  "step": 160000,
  "statistics": {
    "mean_return": 19.666666666666668,
    "median_return": 20.0,
    "std_return": 10.796089827134432,
    "min_return": 0.0,
    "max_return": 40.0,
    "mean_length": 510.6
  },
  "episode_returns": [
    10.0,
    30.0,
    40.0,
    30.0,
    10.0,
    30.0,
    20.0,
    20.0,
    20.0,
    20.0,
    10.0,
    30.0,
    20.0,
    20.0,
    0.0,
    40.0,
    20.0,
    10.0,
    10.0,
    20.0,
    40.0,
    10.0,
    30.0,
    10.0,
    10.0,
    20.0,
    10.0,
    30.0,
    20.0,
    0.0
  ],
  "episode_lengths": [
    363,
    492,
    366,
    578,
    424,
    429,
    400,
    388,
    379,
    778,
    438,
    674,
    546,
    620,
    534,
    378,
    424,
    401,
    459,
    501,
    412,
    420,
    671,
    844,
    450,
    609,
    522,
    576,
    776,
    466
  ],
  "num_episodes": 30,
  "eval_epsilon": 0.05,
  "training_epsilon": 0.28
}