{
  "step": 320000,
  "statistics": {
    "mean_return": 193.0,
    "median_return": 200.0,
    "std_return": 18.466185312619388,
    "min_return": 140.0,
    "max_return": 230.0,
    "mean_length": 763.2666666666667
  },
  "episode_returns": [
    200.0,
    170.0,
    200.0,
    200.0,
    200.0,
    170.0,
    220.0,
    140.0,
    180.0,
    170.0,
    230.0,
    190.0,
    210.0,
    170.0,
    200.0,
    200.0,
    190.0,
    170.0,
    210.0,
    210.0,
    200.0,
    200.0,
    190.0,
    200.0,
    210.0,
    210.0,
    200.0,
    170.0,
    190.0,
    190.0
  ],
  "episode_lengths": [
    882,
    708,
    1012,
    817,
    681,
    623,
    798,
    505,
    908,
    779,
    938,
    833,
    860,
    699,
    848,
    687,
    830,
    489,
    829,
    832,
    788,
    686,
    691,
    818,
    656,
    890,
    618,
    763,
    667,
    763
  ],
  "num_episodes": 30,
  "eval_epsilon": 0.05,
  "training_epsilon": 0.1
}