{
  "step": 120000,
  "statistics": {
    "mean_return": 49.333333333333336,
    "median_return": 50.0,
    "std_return": 17.30767331432956,
    "min_return": 20.0,
    "max_return": 90.0,
    "mean_length": 757.1
  },
  "episode_returns": [
    90.0,
    60.0,
    60.0,
    40.0,
    60.0,
    40.0,
    40.0,
    50.0,
    70.0,
    30.0,
    70.0,
    40.0,
    60.0,
    50.0,
    40.0,
    40.0,
    50.0,
    60.0,
    50.0,
    30.0,
    80.0,
    30.0,
    20.0,
    60.0,
    40.0,
    20.0,
    50.0,
    60.0,
    70.0,
    20.0
  ],
  "episode_lengths": [
    571,
    672,
    702,
    708,
    776,
    683,
    930,
    1344,
    660,
    658,
    594,
    542,
    548,
    651,
    756,
    682,
    797,
    1260,
    798,
    629,
    735,
    769,
    870,
    529,
    780,
    1053,
    738,
    980,
    728,
    570
  ],
  "num_episodes": 30,
  "eval_epsilon": 0.05,
  "training_epsilon": 0.45999999999999996
}