{
  "step": 200000,
  "statistics": {
    "mean_return": 81.66666666666667,
    "median_return": 80.0,
    "std_return": 10.97977939466707,
    "min_return": 70.0,
    "max_return": 110.0,
    "mean_length": 306.2
  },
  "episode_returns": [
    80.0,
    70.0,
    80.0,
    100.0,
    80.0,
    110.0,
    80.0,
    70.0,
    70.0,
    80.0,
    80.0,
    100.0,
    80.0,
    110.0,
    100.0,
    80.0,
    80.0,
    70.0,
    70.0,
    80.0,
    80.0,
    80.0,
    80.0,
    70.0,
    80.0,
    80.0,
    70.0,
    80.0,
    80.0,
    80.0
  ],
  "episode_lengths": [
    306,
    293,
    306,
    318,
    302,
    335,
    305,
    307,
    295,
    303,
    306,
    319,
    303,
    332,
    322,
    307,
    304,
    299,
    295,
    303,
    303,
    306,
    307,
    295,
    304,
    305,
    294,
    304,
    301,
    307
  ],
  "num_episodes": 30,
  "eval_epsilon": 0.05,
  "training_epsilon": 0.1
}