{
  "step": 360000,
  "statistics": {
    "mean_return": 163.33333333333334,
    "median_return": 170.0,
    "std_return": 39.94440581052065,
    "min_return": 60.0,
    "max_return": 220.0,
    "mean_length": 639.5666666666667
  },
  "episode_returns": [
    160.0,
    180.0,
    220.0,
    180.0,
    120.0,
    220.0,
    160.0,
    80.0,
    160.0,
    140.0,
    200.0,
    200.0,
    220.0,
    180.0,
    110.0,
    140.0,
    160.0,
    160.0,
    170.0,
    210.0,
    150.0,
    180.0,
    60.0,
    180.0,
    120.0,
    190.0,
    170.0,
    200.0,
    100.0,
    180.0
  ],
  "episode_lengths": [
    752,
    608,
    758,
    562,
    528,
    784,
    688,
    508,
    666,
    433,
    811,
    637,
    912,
    687,
    491,
    496,
    796,
    701,
    719,
    879,
    584,
    711,
    381,
    589,
    431,
    700,
    424,
    783,
    584,
    584
  ],
  "num_episodes": 30,
  "eval_epsilon": 0.05,
  "training_epsilon": 0.1
}