{
  "step": 400000,
  "statistics": {
    "mean_return": -39.63333333333333,
    "median_return": -36.5,
    "std_return": 10.274509991019308,
    "min_return": -56.0,
    "max_return": -20.0,
    "mean_length": 1781.6333333333334
  },
  "episode_returns": [
    -51.0,
    -48.0,
    -46.0,
    -25.0,
    -52.0,
    -51.0,
    -54.0,
    -36.0,
    -29.0,
    -34.0,
    -56.0,
    -32.0,
    -53.0,
    -51.0,
    -53.0,
    -45.0,
    -34.0,
    -43.0,
    -32.0,
    -28.0,
    -37.0,
    -47.0,
    -44.0,
    -33.0,
    -33.0,
    -20.0,
    -25.0,
    -36.0,
    -35.0,
    -26.0
  ],
  "episode_lengths": [
    1784,
    1780,
    1781,
    1780,
    1785,
    1782,
    1783,
    1779,
    1782,
    1785,
    1783,
    1782,
    1784,
    1783,
    1778,
    1778,
    1784,
    1782,
    1780,
    1780,
    1782,
    1778,
    1780,
    1779,
    1780,
    1783,
    1785,
    1781,
    1784,
    1782
  ],
  "num_episodes": 30,
  "eval_epsilon": 0.05,
  "training_epsilon": 0.1
}