{
  "step": 80000,
  "statistics": {
    "mean_return": -85.16666666666667,
    "median_return": -90.0,
    "std_return": 13.381786959230155,
    "min_return": -98.0,
    "max_return": -42.0,
    "mean_length": 1387.0
  },
  "episode_returns": [
    -60.0,
    -92.0,
    -96.0,
    -95.0,
    -90.0,
    -88.0,
    -98.0,
    -82.0,
    -90.0,
    -80.0,
    -90.0,
    -94.0,
    -49.0,
    -94.0,
    -93.0,
    -87.0,
    -84.0,
    -86.0,
    -92.0,
    -78.0,
    -68.0,
    -94.0,
    -42.0,
    -91.0,
    -90.0,
    -90.0,
    -88.0,
    -82.0,
    -96.0,
    -96.0
  ],
  "episode_lengths": [
    1781,
    1255,
    1449,
    1077,
    1215,
    1331,
    1081,
    1331,
    1190,
    1458,
    1330,
    1248,
    1784,
    1281,
    1434,
    1447,
    1329,
    1432,
    1013,
    1784,
    1779,
    1195,
    1778,
    1783,
    1326,
    1096,
    1131,
    1608,
    1446,
    1218
  ],
  "num_episodes": 30,
  "eval_epsilon": 0.05,
  "training_epsilon": 0.64
}