{
  "step": 280000,
  "statistics": {
    "mean_return": -36.266666666666666,
    "median_return": -32.0,
    "std_return": 11.215861783900314,
    "min_return": -59.0,
    "max_return": -8.0,
    "mean_length": 1781.9
  },
  "episode_returns": [
    -27.0,
    -32.0,
    -31.0,
    -42.0,
    -30.0,
    -45.0,
    -21.0,
    -52.0,
    -32.0,
    -28.0,
    -46.0,
    -40.0,
    -51.0,
    -54.0,
    -31.0,
    -40.0,
    -59.0,
    -49.0,
    -8.0,
    -32.0,
    -32.0,
    -29.0,
    -31.0,
    -36.0,
    -56.0,
    -39.0,
    -25.0,
    -28.0,
    -30.0,
    -32.0
  ],
  "episode_lengths": [
    1780,
    1784,
    1784,
    1785,
    1784,
    1780,
    1779,
    1780,
    1780,
    1781,
    1785,
    1780,
    1780,
    1782,
    1784,
    1785,
    1785,
    1780,
    1779,
    1782,
    1782,
    1785,
    1778,
    1783,
    1781,
    1780,
    1784,
    1782,
    1782,
    1781
  ],
  "num_episodes": 30,
  "eval_epsilon": 0.05,
  "training_epsilon": 0.1
}