{
  "step": 240000,
  "statistics": {
    "mean_return": -86.03333333333333,
    "median_return": -88.0,
    "std_return": 8.506794669883337,
    "min_return": -98.0,
    "max_return": -61.0,
    "mean_length": 1167.5
  },
  "episode_returns": [
    -92.0,
    -89.0,
    -79.0,
    -88.0,
    -81.0,
    -61.0,
    -73.0,
    -88.0,
    -91.0,
    -88.0,
    -82.0,
    -67.0,
    -88.0,
    -94.0,
    -91.0,
    -93.0,
    -89.0,
    -86.0,
    -90.0,
    -86.0,
    -92.0,
    -95.0,
    -83.0,
    -91.0,
    -98.0,
    -88.0,
    -84.0,
    -69.0,
    -93.0,
    -92.0
  ],
  "episode_lengths": [
    1382,
    916,
    1612,
    1312,
    1264,
    1784,
    1240,
    855,
    886,
    1179,
    1511,
    1067,
    971,
    861,
    1461,
    781,
    1003,
    1241,
    735,
    1202,
    878,
    1017,
    1781,
    813,
    1129,
    1131,
    1110,
    1785,
    1019,
    1099
  ],
  "num_episodes": 30,
  "eval_epsilon": 0.05,
  "training_epsilon": 0.1
}