{
  "step": 360000,
  "statistics": {
    "mean_return": -22.333333333333332,
    "median_return": -22.5,
    "std_return": 7.875418860112916,
    "min_return": -41.0,
    "max_return": -6.0,
    "mean_length": 1781.8333333333333
  },
  "episode_returns": [
    -26.0,
    -36.0,
    -8.0,
    -20.0,
    -13.0,
    -30.0,
    -14.0,
    -23.0,
    -41.0,
    -17.0,
    -22.0,
    -17.0,
    -25.0,
    -35.0,
    -34.0,
    -19.0,
    -18.0,
    -15.0,
    -26.0,
    -26.0,
    -19.0,
    -6.0,
    -27.0,
    -26.0,
    -25.0,
    -25.0,
    -24.0,
    -15.0,
    -21.0,
    -17.0
  ],
  "episode_lengths": [
    1784,
    1778,
    1785,
    1779,
    1785,
    1780,
    1784,
    1783,
    1781,
    1780,
    1780,
    1784,
    1779,
    1779,
    1783,
    1778,
    1785,
    1781,
    1780,
    1784,
    1781,
    1784,
    1779,
    1782,
    1785,
    1782,
    1782,
    1784,
    1783,
    1781
  ],
  "num_episodes": 30,
  "eval_epsilon": 0.05,
  "training_epsilon": 0.1
}