{
  "step": 120000,
  "statistics": {
    "mean_return": -29.533333333333335,
    "median_return": -29.0,
    "std_return": 6.591577116964413,
    "min_return": -45.0,
    "max_return": -16.0,
    "mean_length": 1782.1
  },
  "episode_returns": [
    -27.0,
    -25.0,
    -23.0,
    -25.0,
    -44.0,
    -45.0,
    -26.0,
    -33.0,
    -31.0,
    -35.0,
    -33.0,
    -29.0,
    -19.0,
    -29.0,
    -25.0,
    -37.0,
    -24.0,
    -28.0,
    -24.0,
    -30.0,
    -27.0,
    -38.0,
    -22.0,
    -25.0,
    -36.0,
    -36.0,
    -34.0,
    -16.0,
    -29.0,
    -31.0
  ],
  "episode_lengths": [
    1783,
    1785,
    1781,
    1785,
    1782,
    1782,
    1782,
    1782,
    1779,
    1779,
    1782,
    1779,
    1781,
    1781,
    1785,
    1785,
    1784,
    1782,
    1785,
    1785,
    1784,
    1784,
    1781,
    1783,
    1782,
    1779,
    1779,
    1779,
    1778,
    1785
  ],
  "num_episodes": 30,
  "eval_epsilon": 0.05,
  "training_epsilon": 0.45999999999999996
}