{
  "step": 160000,
  "statistics": {
    "mean_return": -40.733333333333334,
    "median_return": -42.5,
    "std_return": 10.430510800318245,
    "min_return": -58.0,
    "max_return": -10.0,
    "mean_length": 1781.6333333333334
  },
  "episode_returns": [
    -57.0,
    -28.0,
    -51.0,
    -58.0,
    -41.0,
    -32.0,
    -34.0,
    -32.0,
    -10.0,
    -30.0,
    -30.0,
    -48.0,
    -46.0,
    -45.0,
    -28.0,
    -53.0,
    -33.0,
    -51.0,
    -41.0,
    -48.0,
    -51.0,
    -47.0,
    -44.0,
    -41.0,
    -49.0,
    -33.0,
    -32.0,
    -47.0,
    -37.0,
    -45.0
  ],
  "episode_lengths": [
    1782,
    1783,
    1785,
    1780,
    1786,
    1781,
    1779,
    1784,
    1780,
    1785,
    1779,
    1784,
    1778,
    1783,
    1783,
    1784,
    1780,
    1781,
    1780,
    1779,
    1784,
    1779,
    1782,
    1780,
    1783,
    1780,
    1782,
    1783,
    1778,
    1782
  ],
  "num_episodes": 30,
  "eval_epsilon": 0.05,
  "training_epsilon": 0.28
}