{
  "step": 320000,
  "statistics": {
    "mean_return": -36.733333333333334,
    "median_return": -37.5,
    "std_return": 12.643663322875305,
    "min_return": -54.0,
    "max_return": -8.0,
    "mean_length": 1782.3666666666666
  },
  "episode_returns": [
    -37.0,
    -48.0,
    -28.0,
    -33.0,
    -50.0,
    -9.0,
    -35.0,
    -31.0,
    -41.0,
    -48.0,
    -45.0,
    -49.0,
    -20.0,
    -43.0,
    -50.0,
    -48.0,
    -38.0,
    -31.0,
    -50.0,
    -8.0,
    -28.0,
    -13.0,
    -30.0,
    -37.0,
    -54.0,
    -47.0,
    -22.0,
    -33.0,
    -49.0,
    -47.0
  ],
  "episode_lengths": [
    1784,
    1785,
    1779,
    1779,
    1784,
    1782,
    1780,
    1785,
    1781,
    1784,
    1783,
    1779,
    1785,
    1779,
    1781,
    1783,
    1781,
    1785,
    1784,
    1782,
    1786,
    1782,
    1779,
    1785,
    1780,
    1780,
    1783,
    1785,
    1784,
    1782
  ],
  "num_episodes": 30,
  "eval_epsilon": 0.05,
  "training_epsilon": 0.1
}