{
  "step": 40000,
  "statistics": {
    "mean_return": -72.4,
    "median_return": -79.5,
    "std_return": 19.705498386660175,
    "min_return": -97.0,
    "max_return": -25.0,
    "mean_length": 1597.1666666666667
  },
  "episode_returns": [
    -72.0,
    -79.0,
    -41.0,
    -94.0,
    -80.0,
    -64.0,
    -25.0,
    -93.0,
    -33.0,
    -49.0,
    -92.0,
    -88.0,
    -32.0,
    -91.0,
    -81.0,
    -78.0,
    -88.0,
    -84.0,
    -77.0,
    -63.0,
    -82.0,
    -85.0,
    -97.0,
    -72.0,
    -62.0,
    -66.0,
    -49.0,
    -89.0,
    -84.0,
    -82.0
  ],
  "episode_lengths": [
    1782,
    1782,
    1779,
    1461,
    1647,
    1784,
    1785,
    1329,
    1780,
    1784,
    1436,
    1129,
    1779,
    1484,
    1783,
    1785,
    1284,
    1207,
    1785,
    1780,
    1646,
    1195,
    1514,
    1780,
    1783,
    1778,
    1780,
    1284,
    1330,
    1460
  ],
  "num_episodes": 30,
  "eval_epsilon": 0.05,
  "training_epsilon": 0.8200000000000001
}