{
  "step": 200000,
  "statistics": {
    "mean_return": -18.966666666666665,
    "median_return": -19.0,
    "std_return": 6.074445562262361,
    "min_return": -38.0,
    "max_return": -9.0,
    "mean_length": 1781.8
  },
  "episode_returns": [
    -17.0,
    -20.0,
    -9.0,
    -19.0,
    -23.0,
    -28.0,
    -27.0,
    -23.0,
    -13.0,
    -21.0,
    -21.0,
    -16.0,
    -22.0,
    -17.0,
    -10.0,
    -18.0,
    -19.0,
    -38.0,
    -26.0,
    -24.0,
    -16.0,
    -16.0,
    -23.0,
    -19.0,
    -13.0,
    -12.0,
    -16.0,
    -20.0,
    -11.0,
    -12.0
  ],
  "episode_lengths": [
    1780,
    1784,
    1784,
    1778,
    1783,
    1779,
    1779,
    1785,
    1780,
    1782,
    1784,
    1781,
    1784,
    1779,
    1783,
    1781,
    1786,
    1786,
    1778,
    1784,
    1780,
    1782,
    1781,
    1782,
    1778,
    1780,
    1785,
    1786,
    1782,
    1778
  ],
  "num_episodes": 30,
  "eval_epsilon": 0.05,
  "training_epsilon": 0.1
}