{
  "step": 320000,
  "statistics": {
    "mean_return": -27.1,
    "median_return": -23.0,
    "std_return": 12.995768542106312,
    "min_return": -60.0,
    "max_return": -7.0,
    "mean_length": 1782.3666666666666
  },
  "episode_returns": [
    -11.0,
    -14.0,
    -47.0,
    -20.0,
    -13.0,
    -23.0,
    -60.0,
    -25.0,
    -33.0,
    -23.0,
    -23.0,
    -26.0,
    -15.0,
    -36.0,
    -43.0,
    -44.0,
    -22.0,
    -19.0,
    -43.0,
    -22.0,
    -29.0,
    -44.0,
    -45.0,
    -7.0,
    -11.0,
    -28.0,
    -36.0,
    -19.0,
    -13.0,
    -19.0
  ],
  "episode_lengths": [
    1784,
    1785,
    1779,
    1779,
    1784,
    1782,
    1780,
    1785,
    1781,
    1784,
    1783,
    1779,
    1785,
    1779,
    1781,
    1783,
    1781,
    1785,
    1784,
    1782,
    1786,
    1782,
    1779,
    1785,
    1780,
    1780,
    1783,
    1785,
    1784,
    1782
  ],
  "num_episodes": 30,
  "eval_epsilon": 0.05,
  "training_epsilon": 0.1
}