{
  "step": 120000,
  "statistics": {
    "mean_return": -30.4,
    "median_return": -29.5,
    "std_return": 13.649420012098195,
    "min_return": -53.0,
    "max_return": -10.0,
    "mean_length": 1782.1
  },
  "episode_returns": [
    -42.0,
    -45.0,
    -10.0,
    -49.0,
    -53.0,
    -22.0,
    -13.0,
    -16.0,
    -45.0,
    -21.0,
    -15.0,
    -37.0,
    -36.0,
    -21.0,
    -31.0,
    -23.0,
    -39.0,
    -26.0,
    -28.0,
    -14.0,
    -10.0,
    -52.0,
    -31.0,
    -13.0,
    -23.0,
    -42.0,
    -51.0,
    -47.0,
    -38.0,
    -19.0
  ],
  "episode_lengths": [
    1783,
    1785,
    1781,
    1785,
    1782,
    1782,
    1782,
    1782,
    1779,
    1779,
    1782,
    1779,
    1781,
    1781,
    1785,
    1785,
    1784,
    1782,
    1785,
    1785,
    1784,
    1784,
    1781,
    1783,
    1782,
    1779,
    1779,
    1779,
    1778,
    1785
  ],
  "num_episodes": 30,
  "eval_epsilon": 0.05,
  "training_epsilon": 0.45999999999999996
}