{
  "step": 400000,
  "statistics": {
    "mean_return": -16.9,
    "median_return": -15.5,
    "std_return": 11.883742395951426,
    "min_return": -46.0,
    "max_return": 7.0,
    "mean_length": 1781.6333333333334
  },
  "episode_returns": [
    -19.0,
    -10.0,
    -7.0,
    -10.0,
    -15.0,
    -14.0,
    -27.0,
    -20.0,
    -8.0,
    -20.0,
    -17.0,
    -16.0,
    -5.0,
    -9.0,
    -4.0,
    -11.0,
    -21.0,
    -37.0,
    -4.0,
    -8.0,
    -10.0,
    -36.0,
    -17.0,
    -9.0,
    -38.0,
    -24.0,
    -16.0,
    -36.0,
    -46.0,
    7.0
  ],
  "episode_lengths": [
    1784,
    1780,
    1781,
    1780,
    1785,
    1782,
    1783,
    1779,
    1782,
    1785,
    1783,
    1782,
    1784,
    1783,
    1778,
    1778,
    1784,
    1782,
    1780,
    1780,
    1782,
    1778,
    1780,
    1779,
    1780,
    1783,
    1785,
    1781,
    1784,
    1782
  ],
  "num_episodes": 30,
  "eval_epsilon": 0.05,
  "training_epsilon": 0.1
}