{
  "step": 80000,
  "statistics": {
    "mean_return": -17.566666666666666,
    "median_return": -15.0,
    "std_return": 8.593343677262975,
    "min_return": -40.0,
    "max_return": -3.0,
    "mean_length": 1781.2666666666667
  },
  "episode_returns": [
    -13.0,
    -8.0,
    -33.0,
    -18.0,
    -21.0,
    -13.0,
    -15.0,
    -22.0,
    -16.0,
    -3.0,
    -11.0,
    -12.0,
    -12.0,
    -9.0,
    -14.0,
    -13.0,
    -19.0,
    -14.0,
    -8.0,
    -19.0,
    -13.0,
    -31.0,
    -37.0,
    -40.0,
    -18.0,
    -13.0,
    -15.0,
    -30.0,
    -20.0,
    -17.0
  ],
  "episode_lengths": [
    1781,
    1785,
    1780,
    1779,
    1779,
    1784,
    1783,
    1784,
    1779,
    1778,
    1784,
    1778,
    1784,
    1779,
    1783,
    1780,
    1782,
    1781,
    1780,
    1784,
    1779,
    1784,
    1778,
    1783,
    1779,
    1781,
    1784,
    1782,
    1779,
    1782
  ],
  "num_episodes": 30,
  "eval_epsilon": 0.05,
  "training_epsilon": 0.64
}