{
  "step": 240000,
  "statistics": {
    "mean_return": -22.833333333333332,
    "median_return": -20.5,
    "std_return": 10.82922999211958,
    "min_return": -59.0,
    "max_return": -7.0,
    "mean_length": 1782.3
  },
  "episode_returns": [
    -14.0,
    -23.0,
    -19.0,
    -21.0,
    -25.0,
    -17.0,
    -28.0,
    -25.0,
    -15.0,
    -26.0,
    -27.0,
    -37.0,
    -15.0,
    -31.0,
    -19.0,
    -7.0,
    -17.0,
    -12.0,
    -39.0,
    -40.0,
    -10.0,
    -34.0,
    -59.0,
    -26.0,
    -19.0,
    -8.0,
    -20.0,
    -16.0,
    -15.0,
    -21.0
  ],
  "episode_lengths": [
    1782,
    1782,
    1779,
    1780,
    1783,
    1784,
    1781,
    1784,
    1781,
    1783,
    1779,
    1785,
    1785,
    1778,
    1781,
    1779,
    1782,
    1783,
    1779,
    1783,
    1786,
    1783,
    1781,
    1781,
    1781,
    1784,
    1785,
    1785,
    1786,
    1784
  ],
  "num_episodes": 30,
  "eval_epsilon": 0.05,
  "training_epsilon": 0.1
}