{
  "step": 40000,
  "statistics": {
    "mean_return": -71.7,
    "median_return": -76.5,
    "std_return": 16.876314763596937,
    "min_return": -94.0,
    "max_return": -34.0,
    "mean_length": 1573.3
  },
  "episode_returns": [
    -38.0,
    -66.0,
    -80.0,
    -92.0,
    -88.0,
    -68.0,
    -84.0,
    -34.0,
    -66.0,
    -82.0,
    -71.0,
    -43.0,
    -67.0,
    -61.0,
    -92.0,
    -87.0,
    -66.0,
    -76.0,
    -51.0,
    -81.0,
    -75.0,
    -84.0,
    -86.0,
    -94.0,
    -77.0,
    -83.0,
    -88.0,
    -80.0,
    -47.0,
    -44.0
  ],
  "episode_lengths": [
    1782,
    1782,
    1436,
    1203,
    1215,
    1652,
    1176,
    1783,
    1780,
    1464,
    1785,
    1781,
    1779,
    1782,
    1017,
    1255,
    1782,
    1785,
    1785,
    1281,
    1778,
    1435,
    1191,
    1216,
    1634,
    1778,
    1648,
    1651,
    1783,
    1780
  ],
  "num_episodes": 30,
  "eval_epsilon": 0.05,
  "training_epsilon": 0.8200000000000001
}