{
  "step": 160000,
  "statistics": {
    "mean_return": -15.633333333333333,
    "median_return": -15.0,
    "std_return": 10.33919188761331,
    "min_return": -41.0,
    "max_return": -1.0,
    "mean_length": 1781.6333333333334
  },
  "episode_returns": [
    -13.0,
    -20.0,
    -25.0,
    -4.0,
    -41.0,
    -1.0,
    -5.0,
    -18.0,
    -17.0,
    -8.0,
    -17.0,
    -25.0,
    -9.0,
    -15.0,
    -18.0,
    -24.0,
    -14.0,
    -5.0,
    -23.0,
    -6.0,
    -2.0,
    -15.0,
    -34.0,
    -15.0,
    -4.0,
    -4.0,
    -20.0,
    -5.0,
    -36.0,
    -26.0
  ],
  "episode_lengths": [
    1782,
    1783,
    1785,
    1780,
    1786,
    1781,
    1779,
    1784,
    1780,
    1785,
    1779,
    1784,
    1778,
    1783,
    1783,
    1784,
    1780,
    1781,
    1780,
    1779,
    1784,
    1779,
    1782,
    1780,
    1783,
    1780,
    1782,
    1783,
    1778,
    1782
  ],
  "num_episodes": 30,
  "eval_epsilon": 0.05,
  "training_epsilon": 0.28
}