{
  "step": 360000,
  "statistics": {
    "mean_return": -12.833333333333334,
    "median_return": -10.5,
    "std_return": 8.458066498254132,
    "min_return": -35.0,
    "max_return": -1.0,
    "mean_length": 1781.8333333333333
  },
  "episode_returns": [
    -8.0,
    -18.0,
    -8.0,
    -18.0,
    -3.0,
    -15.0,
    -9.0,
    -12.0,
    -12.0,
    -10.0,
    -11.0,
    -29.0,
    -8.0,
    -5.0,
    -10.0,
    -6.0,
    -9.0,
    -1.0,
    -29.0,
    -35.0,
    -3.0,
    -22.0,
    -24.0,
    -7.0,
    -16.0,
    -4.0,
    -13.0,
    -4.0,
    -13.0,
    -23.0
  ],
  "episode_lengths": [
    1784,
    1778,
    1785,
    1779,
    1785,
    1780,
    1784,
    1783,
    1781,
    1780,
    1780,
    1784,
    1779,
    1779,
    1783,
    1778,
    1785,
    1781,
    1780,
    1784,
    1781,
    1784,
    1779,
    1782,
    1785,
    1782,
    1782,
    1784,
    1783,
    1781
  ],
  "num_episodes": 30,
  "eval_epsilon": 0.05,
  "training_epsilon": 0.1
}