{
  "step": 240000,
  "statistics": {
    "mean_return": 1407.6666666666667,
    "median_return": 1125.0,
    "std_return": 1145.8059269449702,
    "min_return": 20.0,
    "max_return": 4050.0,
    "mean_length": 480.0
  },
  "episode_returns": [
    460.0,
    2220.0,
    490.0,
    40.0,
    2250.0,
    30.0,
    600.0,
    1870.0,
    4050.0,
    3140.0,
    3280.0,
    2150.0,
    2340.0,
    1440.0,
    460.0,
    960.0,
    2900.0,
    20.0,
    1900.0,
    900.0,
    20.0,
    1890.0,
    880.0,
    1890.0,
    20.0,
    510.0,
    3260.0,
    950.0,
    1290.0,
    20.0
  ],
  "episode_lengths": [
    374,
    629,
    418,
    345,
    510,
    325,
    445,
    544,
    665,
    669,
    562,
    511,
    492,
    498,
    377,
    526,
    588,
    311,
    597,
    441,
    312,
    734,
    407,
    577,
    312,
    455,
    529,
    507,
    424,
    316
  ],
  "num_episodes": 30,
  "eval_epsilon": 0.05,
  "training_epsilon": 0.1
}