{
  "step": 120000,
  "statistics": {
    "mean_return": 1154.0,
    "median_return": 1035.0,
    "std_return": 875.6544219420505,
    "min_return": 130.0,
    "max_return": 3580.0,
    "mean_length": 600.8333333333334
  },
  "episode_returns": [
    1080.0,
    690.0,
    450.0,
    1390.0,
    1130.0,
    990.0,
    230.0,
    1490.0,
    1710.0,
    230.0,
    440.0,
    550.0,
    360.0,
    600.0,
    2320.0,
    2980.0,
    370.0,
    1320.0,
    2480.0,
    230.0,
    2500.0,
    480.0,
    1550.0,
    130.0,
    1610.0,
    1180.0,
    550.0,
    3580.0,
    1410.0,
    590.0
  ],
  "episode_lengths": [
    878,
    577,
    667,
    586,
    646,
    586,
    479,
    581,
    591,
    484,
    652,
    513,
    691,
    599,
    633,
    562,
    693,
    460,
    558,
    483,
    602,
    723,
    674,
    492,
    774,
    568,
    521,
    724,
    446,
    582
  ],
  "num_episodes": 30,
  "eval_epsilon": 0.05,
  "training_epsilon": 0.45999999999999996
}