{
  "step": 160000,
  "statistics": {
    "mean_return": 805.6666666666666,
    "median_return": 695.0,
    "std_return": 443.1078373889989,
    "min_return": 50.0,
    "max_return": 1600.0,
    "mean_length": 487.8
  },
  "episode_returns": [
    590.0,
    100.0,
    930.0,
    710.0,
    1600.0,
    1450.0,
    50.0,
    500.0,
    580.0,
    750.0,
    60.0,
    1390.0,
    1070.0,
    1100.0,
    1250.0,
    620.0,
    1430.0,
    990.0,
    240.0,
    750.0,
    490.0,
    540.0,
    1520.0,
    640.0,
    890.0,
    1580.0,
    490.0,
    610.0,
    570.0,
    680.0
  ],
  "episode_lengths": [
    419,
    438,
    484,
    449,
    435,
    520,
    358,
    431,
    400,
    514,
    366,
    416,
    555,
    593,
    517,
    471,
    953,
    581,
    502,
    522,
    413,
    501,
    626,
    507,
    429,
    400,
    425,
    447,
    395,
    567
  ],
  "num_episodes": 30,
  "eval_epsilon": 0.05,
  "training_epsilon": 0.28
}