{
  "step": 360000,
  "statistics": {
    "mean_return": 1644.6666666666667,
    "median_return": 1430.0,
    "std_return": 1229.9288145615944,
    "min_return": 180.0,
    "max_return": 4700.0,
    "mean_length": 670.0666666666667
  },
  "episode_returns": [
    1930.0,
    2330.0,
    310.0,
    670.0,
    1640.0,
    620.0,
    2810.0,
    400.0,
    3310.0,
    230.0,
    3740.0,
    4700.0,
    2010.0,
    250.0,
    1750.0,
    1780.0,
    1450.0,
    610.0,
    1200.0,
    550.0,
    2910.0,
    180.0,
    1020.0,
    1170.0,
    200.0,
    2740.0,
    3380.0,
    1410.0,
    600.0,
    3440.0
  ],
  "episode_lengths": [
    635,
    640,
    770,
    709,
    820,
    627,
    772,
    746,
    602,
    636,
    661,
    911,
    613,
    669,
    674,
    568,
    684,
    616,
    744,
    510,
    607,
    575,
    628,
    693,
    596,
    813,
    718,
    618,
    593,
    654
  ],
  "num_episodes": 30,
  "eval_epsilon": 0.05,
  "training_epsilon": 0.1
}