{
  "step": 40000,
  "statistics": {
    "mean_return": 1009.6666666666666,
    "median_return": 935.0,
    "std_return": 601.727974715781,
    "min_return": 50.0,
    "max_return": 2190.0,
    "mean_length": 518.3
  },
  "episode_returns": [
    680.0,
    900.0,
    1620.0,
    1310.0,
    940.0,
    2190.0,
    870.0,
    1770.0,
    990.0,
    1360.0,
    1920.0,
    1660.0,
    920.0,
    590.0,
    1300.0,
    970.0,
    930.0,
    970.0,
    1680.0,
    880.0,
    2020.0,
    540.0,
    80.0,
    890.0,
    600.0,
    50.0,
    1490.0,
    50.0,
    70.0,
    50.0
  ],
  "episode_lengths": [
    564,
    434,
    630,
    445,
    500,
    731,
    390,
    704,
    583,
    533,
    776,
    693,
    476,
    416,
    430,
    543,
    490,
    540,
    562,
    401,
    625,
    496,
    398,
    556,
    602,
    354,
    583,
    349,
    395,
    350
  ],
  "num_episodes": 30,
  "eval_epsilon": 0.05,
  "training_epsilon": 0.8200000000000001
}