{
  "step": 200000,
  "statistics": {
    "mean_return": 829.6666666666666,
    "median_return": 855.0,
    "std_return": 546.9276815895213,
    "min_return": 20.0,
    "max_return": 1850.0,
    "mean_length": 432.8
  },
  "episode_returns": [
    1650.0,
    1550.0,
    510.0,
    1580.0,
    1090.0,
    580.0,
    20.0,
    1510.0,
    1260.0,
    30.0,
    570.0,
    510.0,
    1850.0,
    1140.0,
    860.0,
    1000.0,
    730.0,
    920.0,
    1480.0,
    460.0,
    850.0,
    1310.0,
    1240.0,
    1040.0,
    460.0,
    50.0,
    490.0,
    20.0,
    50.0,
    80.0
  ],
  "episode_lengths": [
    513,
    519,
    445,
    546,
    427,
    406,
    311,
    457,
    531,
    316,
    394,
    450,
    519,
    483,
    362,
    419,
    480,
    472,
    567,
    375,
    362,
    452,
    503,
    481,
    363,
    348,
    419,
    313,
    348,
    403
  ],
  "num_episodes": 30,
  "eval_epsilon": 0.05,
  "training_epsilon": 0.1
}