{
  "step": 400000,
  "statistics": {
    "mean_return": 988.6666666666666,
    "median_return": 965.0,
    "std_return": 588.6579840809281,
    "min_return": 60.0,
    "max_return": 2650.0,
    "mean_length": 503.8
  },
  "episode_returns": [
    490.0,
    610.0,
    490.0,
    1700.0,
    1170.0,
    2650.0,
    650.0,
    910.0,
    230.0,
    500.0,
    1280.0,
    510.0,
    520.0,
    1290.0,
    600.0,
    1440.0,
    70.0,
    60.0,
    980.0,
    1320.0,
    1010.0,
    1040.0,
    2100.0,
    1310.0,
    1030.0,
    950.0,
    610.0,
    1750.0,
    1730.0,
    660.0
  ],
  "episode_lengths": [
    425,
    461,
    422,
    438,
    541,
    677,
    522,
    461,
    479,
    442,
    567,
    448,
    458,
    416,
    602,
    493,
    390,
    375,
    571,
    465,
    612,
    491,
    601,
    457,
    486,
    517,
    453,
    514,
    638,
    692
  ],
  "num_episodes": 30,
  "eval_epsilon": 0.05,
  "training_epsilon": 0.1
}