{
  "step": 320000,
  "statistics": {
    "mean_return": 2503.6666666666665,
    "median_return": 2245.0,
    "std_return": 1079.8625941397463,
    "min_return": 950.0,
    "max_return": 6060.0,
    "mean_length": 647.1
  },
  "episode_returns": [
    2790.0,
    2910.0,
    1850.0,
    3660.0,
    2200.0,
    1030.0,
    3030.0,
    1390.0,
    2230.0,
    3270.0,
    2330.0,
    2710.0,
    2170.0,
    2250.0,
    3370.0,
    1790.0,
    2240.0,
    950.0,
    3770.0,
    1720.0,
    3570.0,
    950.0,
    2990.0,
    4000.0,
    1350.0,
    3250.0,
    1840.0,
    1510.0,
    1930.0,
    6060.0
  ],
  "episode_lengths": [
    735,
    617,
    521,
    689,
    589,
    638,
    801,
    573,
    639,
    549,
    959,
    613,
    550,
    676,
    541,
    575,
    649,
    509,
    544,
    631,
    865,
    513,
    571,
    749,
    506,
    673,
    508,
    776,
    643,
    1011
  ],
  "num_episodes": 30,
  "eval_epsilon": 0.05,
  "training_epsilon": 0.1
}