{
  "step": 80000,
  "statistics": {
    "mean_return": 476.6666666666667,
    "median_return": 135.0,
    "std_return": 540.6744758992132,
    "min_return": 60.0,
    "max_return": 1610.0,
    "mean_length": 508.96666666666664
  },
  "episode_returns": [
    530.0,
    60.0,
    110.0,
    100.0,
    60.0,
    80.0,
    1550.0,
    140.0,
    90.0,
    560.0,
    150.0,
    470.0,
    1610.0,
    530.0,
    120.0,
    180.0,
    80.0,
    1060.0,
    960.0,
    120.0,
    570.0,
    90.0,
    130.0,
    80.0,
    1560.0,
    1610.0,
    120.0,
    130.0,
    80.0,
    1370.0
  ],
  "episode_lengths": [
    460,
    373,
    454,
    431,
    378,
    382,
    667,
    481,
    421,
    509,
    510,
    391,
    771,
    470,
    470,
    566,
    406,
    667,
    837,
    461,
    554,
    414,
    461,
    384,
    679,
    782,
    465,
    485,
    395,
    545
  ],
  "num_episodes": 30,
  "eval_epsilon": 0.05,
  "training_epsilon": 0.64
}