{
  "step": 280000,
  "statistics": {
    "mean_return": 466.6666666666667,
    "median_return": 430.0,
    "std_return": 215.78281262005603,
    "min_return": 220.0,
    "max_return": 1240.0,
    "mean_length": 875.5333333333333
  },
  "episode_returns": [
    310.0,
    550.0,
    430.0,
    510.0,
    790.0,
    1240.0,
    320.0,
    250.0,
    240.0,
    400.0,
    220.0,
    260.0,
    410.0,
    490.0,
    250.0,
    480.0,
    770.0,
    540.0,
    370.0,
    870.0,
    370.0,
    390.0,
    290.0,
    480.0,
    470.0,
    430.0,
    260.0,
    540.0,
    480.0,
    590.0
  ],
  "episode_lengths": [
    754,
    986,
    796,
    931,
    1213,
    978,
    784,
    674,
    664,
    912,
    631,
    686,
    773,
    894,
    680,
    879,
    1017,
    812,
    877,
    1509,
    861,
    904,
    742,
    723,
    858,
    803,
    687,
    1142,
    1047,
    1049
  ],
  "num_episodes": 30,
  "eval_epsilon": 0.05,
  "training_epsilon": 0.1
}