{
  "step": 240000,
  "statistics": {
    "mean_return": 24.0,
    "median_return": 20.0,
    "std_return": 4.898979485566356,
    "min_return": 20.0,
    "max_return": 30.0,
    "mean_length": 314.6666666666667
  },
  "episode_returns": [
    20.0,
    30.0,
    30.0,
    20.0,
    30.0,
    20.0,
    30.0,
    20.0,
    20.0,
    30.0,
    20.0,
    30.0,
    20.0,
    20.0,
    20.0,
    30.0,
    20.0,
    30.0,
    20.0,
    20.0,
    20.0,
    20.0,
    20.0,
    30.0,
    20.0,
    30.0,
    20.0,
    30.0,
    30.0,
    20.0
  ],
  "episode_lengths": [
    318,
    316,
    317,
    310,
    317,
    309,
    318,
    313,
    314,
    321,
    308,
    324,
    315,
    312,
    315,
    316,
    312,
    319,
    317,
    312,
    310,
    317,
    308,
    316,
    309,
    317,
    315,
    316,
    315,
    314
  ],
  "num_episodes": 30,
  "eval_epsilon": 0.05,
  "training_epsilon": 0.1
}