{
  "step": 200000,
  "statistics": {
    "mean_return": 23.666666666666668,
    "median_return": 20.0,
    "std_return": 6.574360974438672,
    "min_return": 20.0,
    "max_return": 50.0,
    "mean_length": 315.3
  },
  "episode_returns": [
    20.0,
    20.0,
    20.0,
    20.0,
    30.0,
    30.0,
    20.0,
    20.0,
    20.0,
    20.0,
    20.0,
    20.0,
    30.0,
    20.0,
    20.0,
    20.0,
    30.0,
    20.0,
    30.0,
    20.0,
    30.0,
    20.0,
    20.0,
    20.0,
    20.0,
    20.0,
    50.0,
    30.0,
    30.0,
    20.0
  ],
  "episode_lengths": [
    314,
    313,
    312,
    314,
    318,
    315,
    311,
    315,
    315,
    310,
    312,
    311,
    322,
    313,
    311,
    314,
    317,
    310,
    320,
    309,
    319,
    313,
    311,
    311,
    313,
    310,
    358,
    320,
    316,
    312
  ],
  "num_episodes": 30,
  "eval_epsilon": 0.05,
  "training_epsilon": 0.1
}