{
  "step": 40000,
  "statistics": {
    "mean_return": 38.0,
    "median_return": 20.0,
    "std_return": 78.54510381515409,
    "min_return": 20.0,
    "max_return": 460.0,
    "mean_length": 316.1
  },
  "episode_returns": [
    20.0,
    20.0,
    30.0,
    20.0,
    20.0,
    20.0,
    20.0,
    20.0,
    20.0,
    30.0,
    20.0,
    20.0,
    30.0,
    20.0,
    20.0,
    20.0,
    30.0,
    40.0,
    20.0,
    30.0,
    20.0,
    30.0,
    30.0,
    20.0,
    20.0,
    30.0,
    20.0,
    20.0,
    20.0,
    460.0
  ],
  "episode_lengths": [
    312,
    314,
    314,
    315,
    313,
    310,
    313,
    312,
    313,
    318,
    315,
    308,
    325,
    311,
    311,
    315,
    312,
    320,
    316,
    324,
    310,
    321,
    314,
    310,
    318,
    319,
    315,
    313,
    311,
    361
  ],
  "num_episodes": 30,
  "eval_epsilon": 0.05,
  "training_epsilon": 0.8200000000000001
}