{
  "step": 400000,
  "statistics": {
    "mean_return": 491.3333333333333,
    "median_return": 360.0,
    "std_return": 467.2524894410825,
    "min_return": 220.0,
    "max_return": 2400.0,
    "mean_length": 857.8
  },
  "episode_returns": [
    370.0,
    360.0,
    450.0,
    240.0,
    580.0,
    370.0,
    280.0,
    250.0,
    510.0,
    530.0,
    400.0,
    450.0,
    360.0,
    260.0,
    360.0,
    440.0,
    310.0,
    320.0,
    280.0,
    450.0,
    310.0,
    720.0,
    220.0,
    240.0,
    360.0,
    1950.0,
    290.0,
    240.0,
    2400.0,
    440.0
  ],
  "episode_lengths": [
    864,
    850,
    827,
    655,
    882,
    711,
    729,
    670,
    927,
    955,
    915,
    837,
    843,
    695,
    858,
    976,
    769,
    780,
    728,
    834,
    776,
    1272,
    634,
    659,
    849,
    1315,
    739,
    658,
    1558,
    969
  ],
  "num_episodes": 30,
  "eval_epsilon": 0.05,
  "training_epsilon": 0.1
}