{
  "step": 80000,
  "statistics": {
    "mean_return": 40.0,
    "median_return": 20.0,
    "std_return": 87.40709353364863,
    "min_return": 20.0,
    "max_return": 510.0,
    "mean_length": 318.73333333333335
  },
  "episode_returns": [
    30.0,
    20.0,
    30.0,
    30.0,
    20.0,
    30.0,
    510.0,
    20.0,
    30.0,
    20.0,
    20.0,
    30.0,
    20.0,
    20.0,
    30.0,
    20.0,
    20.0,
    20.0,
    20.0,
    30.0,
    20.0,
    20.0,
    20.0,
    30.0,
    20.0,
    30.0,
    20.0,
    30.0,
    20.0,
    20.0
  ],
  "episode_lengths": [
    315,
    312,
    319,
    315,
    313,
    314,
    433,
    314,
    320,
    318,
    311,
    318,
    314,
    311,
    319,
    318,
    312,
    314,
    313,
    319,
    309,
    311,
    318,
    317,
    315,
    319,
    309,
    315,
    314,
    313
  ],
  "num_episodes": 30,
  "eval_epsilon": 0.05,
  "training_epsilon": 0.64
}