{
  "step": 120000,
  "statistics": {
    "mean_return": 434.6666666666667,
    "median_return": 405.0,
    "std_return": 191.8981211187042,
    "min_return": 250.0,
    "max_return": 1100.0,
    "mean_length": 874.4
  },
  "episode_returns": [
    430.0,
    360.0,
    310.0,
    450.0,
    300.0,
    420.0,
    370.0,
    270.0,
    560.0,
    620.0,
    260.0,
    1100.0,
    370.0,
    290.0,
    460.0,
    270.0,
    260.0,
    500.0,
    640.0,
    660.0,
    440.0,
    460.0,
    300.0,
    410.0,
    410.0,
    910.0,
    260.0,
    400.0,
    300.0,
    250.0
  ],
  "episode_lengths": [
    805,
    690,
    769,
    837,
    730,
    783,
    875,
    708,
    1006,
    1278,
    681,
    1560,
    714,
    733,
    856,
    712,
    695,
    1073,
    991,
    1013,
    981,
    847,
    752,
    943,
    766,
    1409,
    687,
    912,
    753,
    673
  ],
  "num_episodes": 30,
  "eval_epsilon": 0.05,
  "training_epsilon": 0.45999999999999996
}