{
  "step": 160000,
  "statistics": {
    "mean_return": 22.666666666666668,
    "median_return": 20.0,
    "std_return": 4.422166387140533,
    "min_return": 20.0,
    "max_return": 30.0,
    "mean_length": 313.6
  },
  "episode_returns": [
    30.0,
    20.0,
    20.0,
    20.0,
    20.0,
    20.0,
    20.0,
    20.0,
    30.0,
    20.0,
    20.0,
    20.0,
    20.0,
    30.0,
    20.0,
    30.0,
    20.0,
    30.0,
    20.0,
    20.0,
    30.0,
    20.0,
    30.0,
    20.0,
    30.0,
    20.0,
    20.0,
    20.0,
    20.0,
    20.0
  ],
  "episode_lengths": [
    320,
    308,
    310,
    317,
    315,
    311,
    310,
    310,
    317,
    313,
    312,
    313,
    314,
    316,
    309,
    317,
    311,
    320,
    312,
    308,
    321,
    314,
    316,
    310,
    323,
    313,
    314,
    311,
    313,
    310
  ],
  "num_episodes": 30,
  "eval_epsilon": 0.05,
  "training_epsilon": 0.28
}