{
  "step": 360000,
  "statistics": {
    "mean_return": 989.6666666666666,
    "median_return": 855.0,
    "std_return": 526.2349496396284,
    "min_return": 160.0,
    "max_return": 2190.0,
    "mean_length": 1046.8
  },
  "episode_returns": [
    570.0,
    360.0,
    620.0,
    1130.0,
    740.0,
    1270.0,
    860.0,
    930.0,
    890.0,
    1660.0,
    770.0,
    2110.0,
    740.0,
    900.0,
    450.0,
    1950.0,
    450.0,
    1330.0,
    500.0,
    790.0,
    1430.0,
    1740.0,
    460.0,
    850.0,
    800.0,
    1410.0,
    1150.0,
    160.0,
    480.0,
    2190.0
  ],
  "episode_lengths": [
    1032,
    850,
    950,
    1282,
    810,
    845,
    1006,
    1291,
    1033,
    1179,
    1027,
    1095,
    817,
    925,
    1003,
    1160,
    833,
    1113,
    915,
    894,
    1444,
    1140,
    849,
    1311,
    915,
    1258,
    1311,
    539,
    1035,
    1542
  ],
  "num_episodes": 30,
  "eval_epsilon": 0.05,
  "training_epsilon": 0.1
}