{
  "step": 160000,
  "statistics": {
    "mean_return": 413.3333333333333,
    "median_return": 400.0,
    "std_return": 215.61282171728305,
    "min_return": 100.0,
    "max_return": 800.0,
    "mean_length": 767.1333333333333
  },
  "episode_returns": [
    600.0,
    100.0,
    600.0,
    200.0,
    100.0,
    400.0,
    300.0,
    100.0,
    200.0,
    700.0,
    500.0,
    500.0,
    400.0,
    300.0,
    400.0,
    700.0,
    100.0,
    500.0,
    400.0,
    600.0,
    400.0,
    800.0,
    300.0,
    100.0,
    800.0,
    300.0,
    500.0,
    700.0,
    600.0,
    200.0
  ],
  "episode_lengths": [
    863,
    310,
    1116,
    453,
    216,
    998,
    1048,
    328,
    916,
    906,
    949,
    978,
    1120,
    496,
    872,
    1066,
    444,
    910,
    421,
    1081,
    1173,
    993,
    455,
    285,
    1001,
    645,
    1023,
    1003,
    502,
    443
  ],
  "num_episodes": 30,
  "eval_epsilon": 0.05,
  "training_epsilon": 0.28
}