{
  "step": 240000,
  "statistics": {
    "mean_return": 953.3333333333334,
    "median_return": 650.0,
    "std_return": 702.2503510540637,
    "min_return": 200.0,
    "max_return": 3000.0,
    "mean_length": 657.9333333333333
  },
  "episode_returns": [
    500.0,
    1400.0,
    600.0,
    500.0,
    700.0,
    1200.0,
    200.0,
    1400.0,
    600.0,
    500.0,
    2200.0,
    1600.0,
    2300.0,
    600.0,
    200.0,
    300.0,
    1200.0,
    1600.0,
    1600.0,
    500.0,
    300.0,
    700.0,
    1600.0,
    3000.0,
    800.0,
    200.0,
    500.0,
    1200.0,
    200.0,
    400.0
  ],
  "episode_lengths": [
    720,
    697,
    925,
    788,
    716,
    620,
    394,
    687,
    900,
    654,
    518,
    624,
    690,
    503,
    611,
    899,
    601,
    621,
    688,
    624,
    479,
    892,
    648,
    945,
    620,
    495,
    554,
    423,
    553,
    649
  ],
  "num_episodes": 30,
  "eval_epsilon": 0.05,
  "training_epsilon": 0.1
}