{
  "step": 400000,
  "statistics": {
    "mean_return": 2003.3333333333333,
    "median_return": 1900.0,
    "std_return": 956.2019777339002,
    "min_return": 600.0,
    "max_return": 5300.0,
    "mean_length": 793.1666666666666
  },
  "episode_returns": [
    2200.0,
    600.0,
    3700.0,
    1900.0,
    800.0,
    1700.0,
    3000.0,
    1300.0,
    1400.0,
    700.0,
    1700.0,
    2500.0,
    2400.0,
    1200.0,
    1000.0,
    1700.0,
    1300.0,
    1500.0,
    1900.0,
    1900.0,
    2800.0,
    2500.0,
    2700.0,
    1900.0,
    5300.0,
    2300.0,
    3000.0,
    1000.0,
    1900.0,
    2300.0
  ],
  "episode_lengths": [
    896,
    788,
    698,
    719,
    928,
    653,
    716,
    550,
    515,
    649,
    605,
    442,
    1135,
    385,
    1083,
    1041,
    512,
    619,
    917,
    860,
    719,
    1070,
    962,
    843,
    1028,
    919,
    454,
    1120,
    979,
    990
  ],
  "num_episodes": 30,
  "eval_epsilon": 0.05,
  "training_epsilon": 0.1
}