{
  "step": 360000,
  "statistics": {
    "mean_return": 923.3333333333334,
    "median_return": 800.0,
    "std_return": 374.77400597634244,
    "min_return": 500.0,
    "max_return": 1900.0,
    "mean_length": 906.9333333333333
  },
  "episode_returns": [
    600.0,
    800.0,
    600.0,
    700.0,
    1700.0,
    1100.0,
    500.0,
    1900.0,
    1000.0,
    600.0,
    700.0,
    1800.0,
    700.0,
    800.0,
    600.0,
    1000.0,
    900.0,
    800.0,
    1700.0,
    1200.0,
    800.0,
    1000.0,
    700.0,
    900.0,
    900.0,
    800.0,
    500.0,
    700.0,
    700.0,
    1000.0
  ],
  "episode_lengths": [
    876,
    929,
    882,
    843,
    880,
    938,
    853,
    896,
    859,
    867,
    874,
    986,
    1019,
    910,
    847,
    888,
    909,
    923,
    888,
    883,
    1017,
    892,
    880,
    940,
    936,
    851,
    874,
    956,
    852,
    1060
  ],
  "num_episodes": 30,
  "eval_epsilon": 0.05,
  "training_epsilon": 0.1
}