{
  "step": 200000,
  "statistics": {
    "mean_return": 653.3333333333334,
    "median_return": 400.0,
    "std_return": 529.6120173191777,
    "min_return": 0.0,
    "max_return": 2300.0,
    "mean_length": 503.6333333333333
  },
  "episode_returns": [
    2300.0,
    1300.0,
    400.0,
    100.0,
    200.0,
    100.0,
    1400.0,
    300.0,
    300.0,
    1000.0,
    1100.0,
    1700.0,
    400.0,
    600.0,
    1000.0,
    300.0,
    700.0,
    0.0,
    400.0,
    200.0,
    300.0,
    200.0,
    400.0,
    900.0,
    500.0,
    1400.0,
    400.0,
    700.0,
    600.0,
    400.0
  ],
  "episode_lengths": [
    408,
    538,
    365,
    336,
    749,
    269,
    406,
    410,
    363,
    361,
    304,
    715,
    366,
    799,
    361,
    515,
    860,
    453,
    837,
    365,
    363,
    503,
    508,
    505,
    520,
    538,
    591,
    799,
    485,
    517
  ],
  "num_episodes": 30,
  "eval_epsilon": 0.05,
  "training_epsilon": 0.1
}