{
  "step": 280000,
  "statistics": {
    "mean_return": 1466.6666666666667,
    "median_return": 1150.0,
    "std_return": 693.942040487212,
    "min_return": 400.0,
    "max_return": 2900.0,
    "mean_length": 909.7333333333333
  },
  "episode_returns": [
    1200.0,
    2900.0,
    2000.0,
    1000.0,
    2600.0,
    2100.0,
    1100.0,
    1100.0,
    2400.0,
    2200.0,
    1000.0,
    2200.0,
    2500.0,
    2400.0,
    900.0,
    1500.0,
    700.0,
    900.0,
    1800.0,
    1000.0,
    400.0,
    1800.0,
    1700.0,
    800.0,
    800.0,
    1100.0,
    1100.0,
    1700.0,
    600.0,
    500.0
  ],
  "episode_lengths": [
    1014,
    921,
    1074,
    1026,
    1052,
    1054,
    879,
    1010,
    1005,
    1007,
    851,
    888,
    988,
    921,
    990,
    964,
    563,
    932,
    618,
    1043,
    452,
    891,
    1061,
    965,
    914,
    1052,
    869,
    1004,
    882,
    402
  ],
  "num_episodes": 30,
  "eval_epsilon": 0.05,
  "training_epsilon": 0.1
}