{
  "step": 80000,
  "statistics": {
    "mean_return": 653.3333333333334,
    "median_return": 400.0,
    "std_return": 593.1460378542725,
    "min_return": 100.0,
    "max_return": 3000.0,
    "mean_length": 995.4
  },
  "episode_returns": [
    1600.0,
    1000.0,
    300.0,
    700.0,
    1100.0,
    900.0,
    100.0,
    100.0,
    1400.0,
    100.0,
    500.0,
    200.0,
    400.0,
    300.0,
    600.0,
    200.0,
    300.0,
    400.0,
    300.0,
    600.0,
    400.0,
    400.0,
    300.0,
    300.0,
    3000.0,
    1200.0,
    600.0,
    1300.0,
    300.0,
    700.0
  ],
  "episode_lengths": [
    768,
    1934,
    651,
    1220,
    1589,
    1819,
    590,
    561,
    941,
    501,
    1323,
    684,
    478,
    674,
    1321,
    686,
    519,
    533,
    819,
    1370,
    1263,
    714,
    960,
    606,
    1680,
    860,
    639,
    1505,
    823,
    1831
  ],
  "num_episodes": 30,
  "eval_epsilon": 0.05,
  "training_epsilon": 0.64
}