{
  "step": 120000,
  "statistics": {
    "mean_return": 3370.0,
    "median_return": 3400.0,
    "std_return": 161.55494421403512,
    "min_return": 2500.0,
    "max_return": 3400.0,
    "mean_length": 4340.766666666666
  },
  "episode_returns": [
    3400.0,
    3400.0,
    2500.0,
    3400.0,
    3400.0,
    3400.0,
    3400.0,
    3400.0,
    3400.0,
    3400.0,
    3400.0,
    3400.0,
    3400.0,
    3400.0,
    3400.0,
    3400.0,
    3400.0,
    3400.0,
    3400.0,
    3400.0,
    3400.0,
    3400.0,
    3400.0,
    3400.0,
    3400.0,
    3400.0,
    3400.0,
    3400.0,
    3400.0,
    3400.0
  ],
  "episode_lengths": [
    3138,
    5661,
    2348,
    3881,
    3142,
    5077,
    7302,
    3717,
    3436,
    4175,
    4614,
    7506,
    4171,
    6668,
    3714,
    3877,
    4172,
    3625,
    4352,
    3749,
    5830,
    4084,
    3289,
    2758,
    2667,
    4074,
    4089,
    3289,
    4352,
    7466
  ],
  "num_episodes": 30,
  "eval_epsilon": 0.05,
  "training_epsilon": 0.45999999999999996
}