{
  "step": 240000,
  "statistics": {
    "mean_return": 4966.666666666667,
    "median_return": 3400.0,
    "std_return": 1809.849594733097,
    "min_return": 3400.0,
    "max_return": 8900.0,
    "mean_length": 4155.3
  },
  "episode_returns": [
    6400.0,
    7500.0,
    6100.0,
    3400.0,
    3400.0,
    3400.0,
    3400.0,
    3400.0,
    3400.0,
    7400.0,
    3400.0,
    3400.0,
    6600.0,
    5900.0,
    6500.0,
    6200.0,
    5900.0,
    3400.0,
    3400.0,
    8900.0,
    5900.0,
    8900.0,
    3400.0,
    3400.0,
    5900.0,
    3400.0,
    6500.0,
    3400.0,
    3400.0,
    3400.0
  ],
  "episode_lengths": [
    5232,
    4064,
    4468,
    3451,
    2844,
    3720,
    2521,
    4070,
    3970,
    2978,
    3292,
    6228,
    4017,
    4418,
    4324,
    4651,
    2843,
    5075,
    3935,
    6948,
    3988,
    3271,
    4923,
    2594,
    5190,
    3728,
    3466,
    5115,
    4185,
    5150
  ],
  "num_episodes": 30,
  "eval_epsilon": 0.05,
  "training_epsilon": 0.1
}