{
  "step": 80000,
  "statistics": {
    "mean_return": 3436.6666666666665,
    "median_return": 3400.0,
    "std_return": 162.24124698183942,
    "min_return": 3400.0,
    "max_return": 4300.0,
    "mean_length": 3992.233333333333
  },
  "episode_returns": [
    3400.0,
    3400.0,
    3400.0,
    3400.0,
    3400.0,
    3400.0,
    3400.0,
    3400.0,
    3400.0,
    3500.0,
    3400.0,
    3400.0,
    3400.0,
    3400.0,
    3400.0,
    3400.0,
    3400.0,
    3400.0,
    3400.0,
    3400.0,
    3400.0,
    3500.0,
    3400.0,
    3400.0,
    3400.0,
    3400.0,
    3400.0,
    3400.0,
    3400.0,
    4300.0
  ],
  "episode_lengths": [
    1769,
    2907,
    2695,
    4028,
    3588,
    5358,
    3584,
    4027,
    2376,
    4641,
    4262,
    4941,
    2372,
    4795,
    4501,
    4350,
    4178,
    5620,
    2992,
    5151,
    4678,
    4646,
    3086,
    3778,
    4678,
    3610,
    5473,
    4222,
    3141,
    4320
  ],
  "num_episodes": 30,
  "eval_epsilon": 0.05,
  "training_epsilon": 0.64
}