{
  "step": 200000,
  "statistics": {
    "mean_return": 9390.0,
    "median_return": 10700.0,
    "std_return": 2782.0076683335483,
    "min_return": 4700.0,
    "max_return": 15400.0,
    "mean_length": 3745.8333333333335
  },
  "episode_returns": [
    6500.0,
    11000.0,
    11000.0,
    5700.0,
    7400.0,
    11000.0,
    11000.0,
    11000.0,
    11000.0,
    10600.0,
    15400.0,
    5700.0,
    10400.0,
    11000.0,
    8500.0,
    6200.0,
    10700.0,
    11000.0,
    15400.0,
    11000.0,
    4700.0,
    6200.0,
    11000.0,
    10700.0,
    5400.0,
    6400.0,
    6000.0,
    11000.0,
    7600.0,
    11200.0
  ],
  "episode_lengths": [
    3414,
    3733,
    5314,
    3012,
    3622,
    4026,
    2672,
    4176,
    3941,
    3587,
    5383,
    3454,
    4935,
    3866,
    4420,
    2646,
    3371,
    4031,
    3943,
    4507,
    2284,
    4474,
    2529,
    4172,
    4675,
    3425,
    2970,
    4164,
    3124,
    2505
  ],
  "num_episodes": 30,
  "eval_epsilon": 0.05,
  "training_epsilon": 0.1
}