{
  "step": 160000,
  "statistics": {
    "mean_return": 4686.666666666667,
    "median_return": 3400.0,
    "std_return": 1887.2790525574699,
    "min_return": 3400.0,
    "max_return": 11000.0,
    "mean_length": 4372.366666666667
  },
  "episode_returns": [
    3400.0,
    6100.0,
    3400.0,
    5900.0,
    3400.0,
    3400.0,
    3400.0,
    3800.0,
    7100.0,
    3400.0,
    3400.0,
    3400.0,
    5900.0,
    3400.0,
    6100.0,
    8200.0,
    6700.0,
    5900.0,
    6000.0,
    3400.0,
    11000.0,
    3400.0,
    3400.0,
    3400.0,
    6700.0,
    3400.0,
    3400.0,
    3400.0,
    3400.0,
    3400.0
  ],
  "episode_lengths": [
    4649,
    4066,
    4589,
    3054,
    4501,
    6078,
    4470,
    2520,
    3760,
    3425,
    3806,
    3617,
    5375,
    3790,
    4636,
    5221,
    4385,
    2765,
    5644,
    3453,
    6223,
    4766,
    5676,
    4648,
    5044,
    3423,
    3803,
    4923,
    5264,
    3597
  ],
  "num_episodes": 30,
  "eval_epsilon": 0.05,
  "training_epsilon": 0.28
}