{
  "step": 40000,
  "statistics": {
    "mean_return": 206.66666666666666,
    "median_return": 200.0,
    "std_return": 123.64824660660938,
    "min_return": 0.0,
    "max_return": 400.0,
    "mean_length": 5373.166666666667
  },
  "episode_returns": [
    100.0,
    400.0,
    0.0,
    100.0,
    300.0,
    200.0,
    200.0,
    300.0,
    100.0,
    100.0,
    300.0,
    300.0,
    100.0,
    300.0,
    300.0,
    100.0,
    100.0,
    300.0,
    400.0,
    100.0,
    400.0,
    100.0,
    100.0,
    400.0,
    300.0,
    100.0,
    0.0,
    300.0,
    100.0,
    300.0
  ],
  "episode_lengths": [
    5577,
    4531,
    4648,
    5178,
    5233,
    5681,
    4941,
    6021,
    5575,
    6890,
    4998,
    4263,
    6890,
    6242,
    6181,
    6892,
    5578,
    4378,
    5631,
    5576,
    5883,
    4923,
    5578,
    5387,
    4942,
    4648,
    4171,
    5323,
    4643,
    4793
  ],
  "num_episodes": 30,
  "eval_epsilon": 0.05,
  "training_epsilon": 0.8200000000000001
}