{
  "step": 280000,
  "statistics": {
    "mean_return": 16433.333333333332,
    "median_return": 16700.0,
    "std_return": 4720.334263116919,
    "min_return": 11000.0,
    "max_return": 28300.0,
    "mean_length": 3414.7
  },
  "episode_returns": [
    18700.0,
    11700.0,
    18500.0,
    17700.0,
    17300.0,
    14100.0,
    19900.0,
    11000.0,
    15300.0,
    17300.0,
    15200.0,
    26700.0,
    11400.0,
    19900.0,
    11800.0,
    16500.0,
    18300.0,
    18300.0,
    28300.0,
    11400.0,
    18300.0,
    19900.0,
    16900.0,
    15700.0,
    11000.0,
    11000.0,
    26300.0,
    12600.0,
    11000.0,
    11000.0
  ],
  "episode_lengths": [
    4077,
    1923,
    3963,
    3168,
    3961,
    1967,
    5053,
    3438,
    2214,
    3085,
    2966,
    3982,
    3718,
    4027,
    1976,
    3660,
    3455,
    4539,
    4417,
    2624,
    3898,
    5096,
    3046,
    2670,
    4557,
    3880,
    3565,
    2109,
    2408,
    2999
  ],
  "num_episodes": 30,
  "eval_epsilon": 0.05,
  "training_epsilon": 0.1
}