{
  "step": 320000,
  "statistics": {
    "mean_return": 6063.333333333333,
    "median_return": 4500.0,
    "std_return": 4256.718872036954,
    "min_return": 3400.0,
    "max_return": 24100.0,
    "mean_length": 3674.0666666666666
  },
  "episode_returns": [
    3400.0,
    3400.0,
    3400.0,
    3400.0,
    10300.0,
    3400.0,
    3400.0,
    11000.0,
    6700.0,
    6100.0,
    3400.0,
    5700.0,
    11900.0,
    3400.0,
    5900.0,
    3400.0,
    3400.0,
    5600.0,
    3400.0,
    6300.0,
    6700.0,
    3400.0,
    3400.0,
    3400.0,
    6300.0,
    6400.0,
    3400.0,
    24100.0,
    11900.0,
    6000.0
  ],
  "episode_lengths": [
    4027,
    3778,
    2702,
    5207,
    3857,
    2728,
    2727,
    3910,
    3130,
    3811,
    3289,
    4426,
    3711,
    2555,
    3657,
    2849,
    4969,
    3070,
    3732,
    3978,
    2981,
    4648,
    3230,
    4792,
    2367,
    4077,
    5223,
    4548,
    2761,
    3482
  ],
  "num_episodes": 30,
  "eval_epsilon": 0.05,
  "training_epsilon": 0.1
}