{
  "step": 240000,
  "statistics": {
    "mean_return": 373.3333333333333,
    "median_return": 400.0,
    "std_return": 67.98692684790382,
    "min_return": 200.0,
    "max_return": 400.0,
    "mean_length": 493.1333333333333
  },
  "episode_returns": [
    400.0,
    400.0,
    400.0,
    400.0,
    400.0,
    400.0,
    200.0,
    200.0,
    400.0,
    400.0,
    400.0,
    400.0,
    400.0,
    400.0,
    200.0,
    400.0,
    400.0,
    400.0,
    400.0,
    400.0,
    400.0,
    400.0,
    200.0,
    400.0,
    400.0,
    400.0,
    400.0,
    400.0,
    400.0,
    400.0
  ],
  "episode_lengths": [
    436,
    502,
    517,
    509,
    497,
    504,
    561,
    610,
    507,
    500,
    439,
    495,
    441,
    497,
    541,
    520,
    505,
    436,
    439,
    507,
    442,
    516,
    541,
    499,
    507,
    449,
    501,
    441,
    499,
    436
  ],
  "num_episodes": 30,
  "eval_epsilon": 0.05,
  "training_epsilon": 0.1
}