{
  "step": 40000,
  "statistics": {
    "mean_return": 386.6666666666667,
    "median_return": 400.0,
    "std_return": 330.3869784897031,
    "min_return": 0.0,
    "max_return": 1000.0,
    "mean_length": 580.5333333333333
  },
  "episode_returns": [
    0.0,
    600.0,
    400.0,
    0.0,
    400.0,
    600.0,
    0.0,
    1000.0,
    400.0,
    400.0,
    0.0,
    600.0,
    0.0,
    800.0,
    400.0,
    400.0,
    1000.0,
    400.0,
    400.0,
    0.0,
    800.0,
    400.0,
    1000.0,
    0.0,
    400.0,
    400.0,
    800.0,
    0.0,
    0.0,
    0.0
  ],
  "episode_lengths": [
    489,
    586,
    578,
    416,
    623,
    581,
    393,
    682,
    586,
    576,
    691,
    625,
    527,
    607,
    594,
    547,
    693,
    701,
    583,
    514,
    678,
    595,
    689,
    338,
    532,
    553,
    656,
    710,
    440,
    633
  ],
  "num_episodes": 30,
  "eval_epsilon": 0.05,
  "training_epsilon": 0.8200000000000001
}