{
  "step": 80000,
  "statistics": {
    "mean_return": 6.666666666666667,
    "median_return": 0.0,
    "std_return": 35.90109871423003,
    "min_return": 0.0,
    "max_return": 200.0,
    "mean_length": 318.43333333333334
  },
  "episode_returns": [
    0.0,
    0.0,
    0.0,
    0.0,
    0.0,
    0.0,
    0.0,
    200.0,
    0.0,
    0.0,
    0.0,
    0.0,
    0.0,
    0.0,
    0.0,
    0.0,
    0.0,
    0.0,
    0.0,
    0.0,
    0.0,
    0.0,
    0.0,
    0.0,
    0.0,
    0.0,
    0.0,
    0.0,
    0.0,
    0.0
  ],
  "episode_lengths": [
    283,
    347,
    459,
    273,
    278,
    269,
    339,
    403,
    338,
    341,
    342,
    342,
    285,
    278,
    279,
    277,
    279,
    284,
    339,
    402,
    280,
    346,
    282,
    281,
    279,
    276,
    471,
    338,
    284,
    279
  ],
  "num_episodes": 30,
  "eval_epsilon": 0.05,
  "training_epsilon": 0.64
}