{
  "step": 120000,
  "statistics": {
    "mean_return": 0.0,
    "median_return": 0.0,
    "std_return": 0.0,
    "min_return": 0.0,
    "max_return": 0.0,
    "mean_length": 374.96666666666664
  },
  "episode_returns": [
    0.0,
    0.0,
    0.0,
    0.0,
    0.0,
    0.0,
    0.0,
    0.0,
    0.0,
    0.0,
    0.0,
    0.0,
    0.0,
    0.0,
    0.0,
    0.0,
    0.0,
    0.0,
    0.0,
    0.0,
    0.0,
    0.0,
    0.0,
    0.0,
    0.0,
    0.0,
    0.0,
    0.0,
    0.0,
    0.0
  ],
  "episode_lengths": [
    413,
    284,
    355,
    496,
    351,
    287,
    481,
    415,
    289,
    550,
    287,
    288,
    425,
    348,
    420,
    421,
    287,
    560,
    291,
    347,
    353,
    355,
    290,
    356,
    350,
    420,
    287,
    349,
    481,
    413
  ],
  "num_episodes": 30,
  "eval_epsilon": 0.05,
  "training_epsilon": 0.45999999999999996
}