{
  "step": 160000,
  "statistics": {
    "mean_return": 6.666666666666667,
    "median_return": 0.0,
    "std_return": 35.90109871423003,
    "min_return": 0.0,
    "max_return": 200.0,
    "mean_length": 318.96666666666664
  },
  "episode_returns": [
    0.0,
    0.0,
    0.0,
    0.0,
    0.0,
    0.0,
    0.0,
    0.0,
    0.0,
    0.0,
    0.0,
    0.0,
    0.0,
    0.0,
    0.0,
    0.0,
    0.0,
    0.0,
    0.0,
    0.0,
    0.0,
    0.0,
    0.0,
    0.0,
    200.0,
    0.0,
    0.0,
    0.0,
    0.0,
    0.0
  ],
  "episode_lengths": [
    289,
    285,
    352,
    281,
    354,
    285,
    343,
    342,
    346,
    289,
    288,
    339,
    356,
    342,
    417,
    279,
    285,
    291,
    284,
    284,
    404,
    346,
    356,
    292,
    352,
    283,
    284,
    345,
    288,
    288
  ],
  "num_episodes": 30,
  "eval_epsilon": 0.05,
  "training_epsilon": 0.28
}