{
  "step": 280000,
  "statistics": {
    "mean_return": 13.333333333333334,
    "median_return": 0.0,
    "std_return": 49.88876515698589,
    "min_return": 0.0,
    "max_return": 200.0,
    "mean_length": 398.7
  },
  "episode_returns": [
    0.0,
    0.0,
    0.0,
    200.0,
    0.0,
    0.0,
    0.0,
    0.0,
    0.0,
    0.0,
    0.0,
    0.0,
    0.0,
    0.0,
    200.0,
    0.0,
    0.0,
    0.0,
    0.0,
    0.0,
    0.0,
    0.0,
    0.0,
    0.0,
    0.0,
    0.0,
    0.0,
    0.0,
    0.0,
    0.0
  ],
  "episode_lengths": [
    398,
    399,
    397,
    461,
    398,
    402,
    397,
    400,
    399,
    404,
    401,
    403,
    397,
    403,
    465,
    404,
    404,
    399,
    400,
    401,
    282,
    399,
    404,
    400,
    346,
    403,
    403,
    397,
    397,
    398
  ],
  "num_episodes": 30,
  "eval_epsilon": 0.05,
  "training_epsilon": 0.1
}