{
  "step": 400000,
  "statistics": {
    "mean_return": 157.33333333333334,
    "median_return": 170.0,
    "std_return": 46.038631121652124,
    "min_return": 90.0,
    "max_return": 240.0,
    "mean_length": 416.2
  },
  "episode_returns": [
    180.0,
    200.0,
    170.0,
    120.0,
    240.0,
    90.0,
    140.0,
    230.0,
    200.0,
    190.0,
    200.0,
    170.0,
    170.0,
    90.0,
    180.0,
    220.0,
    100.0,
    90.0,
    100.0,
    140.0,
    140.0,
    210.0,
    160.0,
    170.0,
    90.0,
    90.0,
    180.0,
    190.0,
    100.0,
    170.0
  ],
  "episode_lengths": [
    412,
    497,
    426,
    375,
    588,
    316,
    395,
    524,
    522,
    494,
    458,
    414,
    407,
    329,
    401,
    469,
    363,
    362,
    329,
    394,
    434,
    455,
    390,
    409,
    335,
    316,
    430,
    451,
    375,
    416
  ],
  "num_episodes": 30,
  "eval_epsilon": 0.05,
  "training_epsilon": 0.1
}