{
  "step": 320000,
  "statistics": {
    "mean_return": 186.33333333333334,
    "median_return": 200.0,
    "std_return": 36.64999621039848,
    "min_return": 110.0,
    "max_return": 240.0,
    "mean_length": 436.8
  },
  "episode_returns": [
    120.0,
    140.0,
    190.0,
    200.0,
    140.0,
    180.0,
    130.0,
    170.0,
    220.0,
    140.0,
    180.0,
    140.0,
    220.0,
    150.0,
    220.0,
    200.0,
    220.0,
    110.0,
    220.0,
    220.0,
    220.0,
    240.0,
    180.0,
    200.0,
    210.0,
    200.0,
    240.0,
    220.0,
    170.0,
    200.0
  ],
  "episode_lengths": [
    355,
    404,
    526,
    430,
    453,
    403,
    426,
    406,
    442,
    392,
    402,
    363,
    437,
    411,
    427,
    453,
    430,
    345,
    558,
    444,
    491,
    501,
    406,
    430,
    459,
    463,
    512,
    436,
    453,
    446
  ],
  "num_episodes": 30,
  "eval_epsilon": 0.05,
  "training_epsilon": 0.1
}