{
  "step": 80000,
  "statistics": {
    "mean_return": 95.66666666666667,
    "median_return": 90.0,
    "std_return": 27.77088803445475,
    "min_return": 30.0,
    "max_return": 150.0,
    "mean_length": 318.8333333333333
  },
  "episode_returns": [
    90.0,
    90.0,
    120.0,
    30.0,
    60.0,
    90.0,
    90.0,
    90.0,
    120.0,
    130.0,
    70.0,
    130.0,
    90.0,
    150.0,
    120.0,
    50.0,
    80.0,
    90.0,
    60.0,
    140.0,
    80.0,
    100.0,
    60.0,
    90.0,
    130.0,
    90.0,
    90.0,
    120.0,
    100.0,
    120.0
  ],
  "episode_lengths": [
    302,
    301,
    326,
    264,
    285,
    308,
    305,
    338,
    337,
    326,
    295,
    381,
    303,
    386,
    343,
    296,
    344,
    300,
    277,
    362,
    313,
    339,
    289,
    305,
    340,
    299,
    329,
    321,
    327,
    324
  ],
  "num_episodes": 30,
  "eval_epsilon": 0.05,
  "training_epsilon": 0.64
}