{
  "step": 40000,
  "statistics": {
    "mean_return": 137.33333333333334,
    "median_return": 130.0,
    "std_return": 37.67698973585278,
    "min_return": 60.0,
    "max_return": 210.0,
    "mean_length": 495.9
  },
  "episode_returns": [
    120.0,
    120.0,
    170.0,
    110.0,
    190.0,
    150.0,
    160.0,
    180.0,
    160.0,
    150.0,
    210.0,
    60.0,
    130.0,
    170.0,
    120.0,
    110.0,
    90.0,
    110.0,
    160.0,
    190.0,
    130.0,
    110.0,
    100.0,
    80.0,
    210.0,
    150.0,
    100.0,
    100.0,
    160.0,
    120.0
  ],
  "episode_lengths": [
    644,
    560,
    622,
    382,
    517,
    572,
    506,
    525,
    482,
    421,
    595,
    296,
    442,
    766,
    517,
    371,
    375,
    375,
    499,
    526,
    454,
    399,
    466,
    383,
    756,
    618,
    417,
    380,
    496,
    515
  ],
  "num_episodes": 30,
  "eval_epsilon": 0.05,
  "training_epsilon": 0.8200000000000001
}