{
  "step": 120000,
  "statistics": {
    "mean_return": 207.0,
    "median_return": 205.0,
    "std_return": 35.13308032799477,
    "min_return": 150.0,
    "max_return": 280.0,
    "mean_length": 525.9333333333333
  },
  "episode_returns": [
    260.0,
    150.0,
    180.0,
    230.0,
    150.0,
    250.0,
    270.0,
    210.0,
    150.0,
    220.0,
    190.0,
    210.0,
    170.0,
    220.0,
    200.0,
    190.0,
    200.0,
    220.0,
    160.0,
    270.0,
    200.0,
    280.0,
    240.0,
    220.0,
    200.0,
    210.0,
    210.0,
    190.0,
    190.0,
    170.0
  ],
  "episode_lengths": [
    547,
    444,
    430,
    621,
    476,
    612,
    587,
    583,
    541,
    534,
    508,
    587,
    426,
    623,
    480,
    479,
    545,
    507,
    464,
    591,
    465,
    703,
    589,
    524,
    488,
    494,
    468,
    462,
    493,
    507
  ],
  "num_episodes": 30,
  "eval_epsilon": 0.05,
  "training_epsilon": 0.45999999999999996
}