{
  "step": 400000,
  "statistics": {
    "mean_return": 1033.3333333333333,
    "median_return": 950.0,
    "std_return": 539.34116187149,
    "min_return": 300.0,
    "max_return": 2000.0,
    "mean_length": 1090.6
  },
  "episode_returns": [
    900.0,
    1900.0,
    900.0,
    1500.0,
    300.0,
    1300.0,
    1600.0,
    1600.0,
    300.0,
    700.0,
    600.0,
    1300.0,
    1000.0,
    1000.0,
    300.0,
    400.0,
    900.0,
    2000.0,
    400.0,
    500.0,
    1800.0,
    400.0,
    800.0,
    1300.0,
    400.0,
    700.0,
    1100.0,
    1600.0,
    1700.0,
    1800.0
  ],
  "episode_lengths": [
    1046,
    861,
    1098,
    1109,
    1120,
    1099,
    1073,
    1037,
    1051,
    1140,
    1130,
    1304,
    1236,
    1268,
    1140,
    920,
    1049,
    1157,
    1230,
    1070,
    1043,
    1120,
    980,
    961,
    1041,
    1210,
    1132,
    839,
    1167,
    1087
  ],
  "num_episodes": 30,
  "eval_epsilon": 0.05,
  "training_epsilon": 0.1
}