{
  "step": 160000,
  "statistics": {
    "mean_return": 40.0,
    "median_return": 0.0,
    "std_return": 91.6515138991168,
    "min_return": 0.0,
    "max_return": 400.0,
    "mean_length": 161.16666666666666
  },
  "episode_returns": [
    0.0,
    400.0,
    0.0,
    0.0,
    0.0,
    0.0,
    100.0,
    200.0,
    0.0,
    0.0,
    0.0,
    200.0,
    0.0,
    0.0,
    0.0,
    100.0,
    0.0,
    0.0,
    0.0,
    0.0,
    0.0,
    0.0,
    0.0,
    0.0,
    0.0,
    0.0,
    200.0,
    0.0,
    0.0,
    0.0
  ],
  "episode_lengths": [
    157,
    438,
    118,
    85,
    82,
    86,
    199,
    508,
    85,
    86,
    109,
    334,
    80,
    86,
    124,
    398,
    113,
    85,
    123,
    83,
    84,
    85,
    135,
    85,
    77,
    163,
    459,
    171,
    85,
    112
  ],
  "num_episodes": 30,
  "eval_epsilon": 0.05,
  "training_epsilon": 0.28
}