{
  "step": 280000,
  "statistics": {
    "mean_return": 763.3333333333334,
    "median_return": 700.0,
    "std_return": 449.8024257629367,
    "min_return": 200.0,
    "max_return": 2500.0,
    "mean_length": 1036.1333333333334
  },
  "episode_returns": [
    800.0,
    700.0,
    2500.0,
    700.0,
    300.0,
    400.0,
    600.0,
    300.0,
    1000.0,
    800.0,
    1100.0,
    1100.0,
    700.0,
    800.0,
    700.0,
    700.0,
    500.0,
    800.0,
    600.0,
    600.0,
    1800.0,
    700.0,
    1100.0,
    300.0,
    600.0,
    1000.0,
    400.0,
    500.0,
    600.0,
    200.0
  ],
  "episode_lengths": [
    1057,
    1047,
    1109,
    1050,
    931,
    1047,
    900,
    919,
    1065,
    1163,
    1070,
    1074,
    1203,
    1159,
    1035,
    923,
    918,
    997,
    1064,
    957,
    1101,
    1014,
    1114,
    938,
    1044,
    1109,
    1013,
    1052,
    1049,
    962
  ],
  "num_episodes": 30,
  "eval_epsilon": 0.05,
  "training_epsilon": 0.1
}