{
  "step": 240000,
  "statistics": {
    "mean_return": 316.6666666666667,
    "median_return": 350.0,
    "std_return": 231.06035767497826,
    "min_return": 0.0,
    "max_return": 700.0,
    "mean_length": 490.1
  },
  "episode_returns": [
    0.0,
    0.0,
    200.0,
    500.0,
    200.0,
    700.0,
    500.0,
    0.0,
    200.0,
    400.0,
    400.0,
    0.0,
    300.0,
    400.0,
    0.0,
    500.0,
    400.0,
    400.0,
    0.0,
    200.0,
    500.0,
    200.0,
    500.0,
    700.0,
    600.0,
    200.0,
    0.0,
    700.0,
    600.0,
    200.0
  ],
  "episode_lengths": [
    182,
    176,
    346,
    745,
    428,
    1061,
    551,
    178,
    342,
    643,
    700,
    189,
    548,
    467,
    94,
    690,
    433,
    527,
    183,
    325,
    542,
    302,
    758,
    919,
    812,
    382,
    229,
    983,
    651,
    317
  ],
  "num_episodes": 30,
  "eval_epsilon": 0.05,
  "training_epsilon": 0.1
}