{
  "step": 320000,
  "statistics": {
    "mean_return": 926.6666666666666,
    "median_return": 850.0,
    "std_return": 327.5498265743533,
    "min_return": 400.0,
    "max_return": 2100.0,
    "mean_length": 1103.1
  },
  "episode_returns": [
    600.0,
    1100.0,
    1200.0,
    700.0,
    900.0,
    800.0,
    1800.0,
    700.0,
    900.0,
    1100.0,
    700.0,
    1000.0,
    800.0,
    1000.0,
    700.0,
    900.0,
    800.0,
    800.0,
    2100.0,
    800.0,
    800.0,
    400.0,
    1200.0,
    1100.0,
    900.0,
    800.0,
    800.0,
    900.0,
    900.0,
    600.0
  ],
  "episode_lengths": [
    1171,
    1034,
    1037,
    1102,
    793,
    1003,
    1064,
    1119,
    1155,
    1122,
    1200,
    1008,
    1158,
    1100,
    1069,
    1007,
    1103,
    1139,
    1108,
    1145,
    1133,
    1143,
    1292,
    1115,
    1290,
    1207,
    970,
    1153,
    1143,
    1010
  ],
  "num_episodes": 30,
  "eval_epsilon": 0.05,
  "training_epsilon": 0.1
}