{
  "step": 120000,
  "statistics": {
    "mean_return": 0.0,
    "median_return": 0.0,
    "std_return": 0.0,
    "min_return": 0.0,
    "max_return": 0.0,
    "mean_length": 103.26666666666667
  },
  "episode_returns": [
    0.0,
    0.0,
    0.0,
    0.0,
    0.0,
    0.0,
    0.0,
    0.0,
    0.0,
    0.0,
    0.0,
    0.0,
    0.0,
    0.0,
    0.0,
    0.0,
    0.0,
    0.0,
    0.0,
    0.0,
    0.0,
    0.0,
    0.0,
    0.0,
    0.0,
    0.0,
    0.0,
    0.0,
    0.0,
    0.0
  ],
  "episode_lengths": [
    101,
    101,
    105,
    99,
    101,
    103,
    100,
    122,
    104,
    99,
    105,
    104,
    102,
    103,
    99,
    105,
    117,
    89,
    117,
    103,
    91,
    101,
    98,
    118,
    102,
    102,
    105,
    102,
    101,
    99
  ],
  "num_episodes": 30,
  "eval_epsilon": 0.05,
  "training_epsilon": 0.45999999999999996
}