{
  "step": 360000,
  "statistics": {
    "mean_return": 503.3333333333333,
    "median_return": 500.0,
    "std_return": 172.20788470785988,
    "min_return": 200.0,
    "max_return": 1000.0,
    "mean_length": 905.7
  },
  "episode_returns": [
    600.0,
    500.0,
    500.0,
    1000.0,
    300.0,
    500.0,
    800.0,
    500.0,
    700.0,
    300.0,
    500.0,
    300.0,
    700.0,
    500.0,
    600.0,
    600.0,
    600.0,
    500.0,
    200.0,
    300.0,
    600.0,
    600.0,
    600.0,
    400.0,
    600.0,
    300.0,
    500.0,
    400.0,
    300.0,
    300.0
  ],
  "episode_lengths": [
    905,
    918,
    923,
    867,
    866,
    898,
    891,
    928,
    895,
    937,
    880,
    937,
    919,
    940,
    922,
    928,
    959,
    877,
    928,
    873,
    972,
    896,
    948,
    879,
    892,
    888,
    872,
    872,
    877,
    884
  ],
  "num_episodes": 30,
  "eval_epsilon": 0.05,
  "training_epsilon": 0.1
}