{
  "step": 40000,
  "statistics": {
    "mean_return": 753.3333333333334,
    "median_return": 900.0,
    "std_return": 328.3629428273267,
    "min_return": 0.0,
    "max_return": 1100.0,
    "mean_length": 1162.0333333333333
  },
  "episode_returns": [
    800.0,
    100.0,
    0.0,
    900.0,
    1000.0,
    900.0,
    900.0,
    1000.0,
    300.0,
    700.0,
    1000.0,
    1000.0,
    900.0,
    900.0,
    0.0,
    800.0,
    900.0,
    1000.0,
    1000.0,
    0.0,
    1100.0,
    600.0,
    700.0,
    800.0,
    800.0,
    1100.0,
    900.0,
    1000.0,
    600.0,
    900.0
  ],
  "episode_lengths": [
    1018,
    428,
    255,
    977,
    1006,
    960,
    1370,
    1311,
    957,
    1145,
    1066,
    1399,
    1090,
    1234,
    206,
    1154,
    1628,
    1378,
    1394,
    589,
    1255,
    1719,
    1090,
    1472,
    2027,
    1238,
    1174,
    1913,
    1127,
    1281
  ],
  "num_episodes": 30,
  "eval_epsilon": 0.05,
  "training_epsilon": 0.8200000000000001
}